unique.tissueid,COSMIC.tissueid,CCLE.tissueid,GSK.tissueid,NCI60.tissueid,GRAY.tissueid,PGP.tissueid,GNE.tissueid,LINCS_HMS.tissue.id,Comment,
prostate,prostate,prostate,,,,,,,,
stomach,stomach,stomach,,,,,,stomach,,
urinary_tract,urinary_tract,urinary_tract,Bladder,,,,,,,
urinary_tract,urinary_tract,urinary_tract,,,,,,,,
urinary_tract,urinary_tract,urinary_tract,,,,,,,,
kidney,kidney,kidney,,,,,kidney,,,
kidney,kidney,kidney,,renal,,,,kidney,,
skin,skin,skin,Skin,,,,,,,
central_nervous_system,central_nervous_system,central_nervous_system,CNS,,,,brain,,,
soft_tissue,soft_tissue,soft_tissue,Sarcoma,,,,,muscle,,
skin,skin,salivary_gland,,,,,,,,
haematopoietic_and_lymphoid_tissue,haematopoietic_and_lymphoid_tissue,haematopoietic_and_lymphoid_tissue,,,,,,lymphatic system,,
skin,skin,skin,Skin,,,,,skin,,
haematopoietic_and_lymphoid_tissue,haematopoietic_and_lymphoid_tissue,haematopoietic_and_lymphoid_tissue,,,,,,,,
lung,lung,,Lung,,,,,,,
haematopoietic_and_lymphoid_tissue,haematopoietic_and_lymphoid_tissue,kidney,,renal,,renal,,,,
lung,lung,lung,,lung,,lung,lung,,,
bone,bone,bone,Sarcoma,,,,,,,
kidney,kidney,kidney,,,,,,,,
kidney,kidney,kidney,Kidney,renal,,,kidney,,,
stomach,stomach,stomach,Stomach,,,stomach,stomach,,,
endometrium,endometrium,endometrium,Endometrium,,,,,uterus,,
haematopoietic_and_lymphoid_tissue,haematopoietic_and_lymphoid_tissue,,,,,,,,,
pancreas,pancreas,pancreas,,,,,pancreas,,,
haematopoietic_and_lymphoid_tissue,haematopoietic_and_lymphoid_tissue,,,,,,,,,
haematopoietic_and_lymphoid_tissue,haematopoietic_and_lymphoid_tissue,,,,,,,,,
thyroid,thyroid,thyroid,,,,,,,,
haematopoietic_and_lymphoid_tissue,haematopoietic_and_lymphoid_tissue,haematopoietic_and_lymphoid_tissue,,,,,,,ATCC:peripheral blood (acute myelogenous leukemia (AML)),
urinary_tract,urinary_tract,urinary_tract,,,,,urinary bladder,,,
thyroid,thyroid,thyroid,,,,,,,,
prostate,prostate,,Prostate,,,,,,,
breast,breast,breast,,,breast,breast,breast,,,
breast,breast,breast,,,breast,breast,breast,,,
breast,breast,breast,,,breast,,breast,,,
breast,breast,breast,,breast,breast,breast,breast,,,
haematopoietic_and_lymphoid_tissue,haematopoietic_and_lymphoid_tissue,haematopoietic_and_lymphoid_tissue,,,,,,,,
pancreas,pancreas,pancreas,,,,,pancreas,,,
cervix,cervix,,,,,,,cervix,,
cervix,cervix,,,,,,,cervix,,
skin,skin,skin,Skin,,,,skin,,,
liver,liver,liver,Liver,,,,liver,,,
haematopoietic_and_lymphoid_tissue,haematopoietic_and_lymphoid_tissue,haematopoietic_and_lymphoid_tissue,,,,,lymphoid,,,
kidney,kidney,kidney,,renal,,,,kidney,,
kidney,kidney,kidney,,,,,kidney,,,
upper_aerodigestive_tract,upper_aerodigestive_tract,upper_aerodigestive_tract,Head and Neck,,,,,head & neck,,
kidney,kidney,kidney,,,,,,,,
thyroid,thyroid,thyroid,,,,,,,,
lung,lung,lung,,,,lung,lung,,,
lung,lung,lung,,,,,lung,,,
lung,lung,lung,,,,lung,lung,,,
breast,breast,breast,,,breast,breast,breast,,,
ovary,ovary,ovary,,,,,ovary,,,
pancreas,pancreas,pancreas,,,,,,pancreas,,
pancreas,pancreas,pancreas,,,,,pancreas,,,
central_nervous_system,central_nervous_system,central_nervous_system,,,,,,,,
haematopoietic_and_lymphoid_tissue,haematopoietic_and_lymphoid_tissue,,,leukemia,,,,,,
haematopoietic_and_lymphoid_tissue,haematopoietic_and_lymphoid_tissue,,Haematopoietic and lymphoid,,,,,,,
thyroid,thyroid,thyroid,,,,,,,,
lung,lung,lung,,,,,lung,,,
skin,skin,skin,,,,,skin,,,
autonomic_ganglia,autonomic_ganglia,autonomic_ganglia,,,,,brain,,,
haematopoietic_and_lymphoid_tissue,haematopoietic_and_lymphoid_tissue,haematopoietic_and_lymphoid_tissue,,,,,,,,
large_intestine,large_intestine,large_intestine,,,,,colo-rectal,,Edited, ATCC:colon
large_intestine,large_intestine,large_intestine,Colon,colon,,large intestine,,intestine,,
large_intestine,large_intestine,large_intestine,,,,large intestine,,,,
lung,lung,lung,,,,,,,,
ovary,ovary,ovary,,,,,ovary,,,
large_intestine,large_intestine,skin,,,,,,intestine,,
skin,skin,skin,,,,,,skin,,
skin,skin,skin,,,,,,,,
lung,lung,lung,,,,,,lung,,
lung,lung,lung,,,,,,,,
lung,lung,lung,,,,,lung,,,
lung,lung,lung,,,,,lung,,,
haematopoietic_and_lymphoid_tissue,haematopoietic_and_lymphoid_tissue,,,,,,,,,
haematopoietic_and_lymphoid_tissue,haematopoietic_and_lymphoid_tissue,,,,,,,,,
central_nervous_system,central_nervous_system,central_nervous_system,,,,,,brain,,
central_nervous_system,central_nervous_system,central_nervous_system,,,,,,,ATCC:Brain/cerebellum ,
haematopoietic_and_lymphoid_tissue,haematopoietic_and_lymphoid_tissue,haematopoietic_and_lymphoid_tissue,,,,,lymphoid,,,
haematopoietic_and_lymphoid_tissue,haematopoietic_and_lymphoid_tissue,haematopoietic_and_lymphoid_tissue,Haematopoietic and lymphoid,,,,lymphoid,,,
central_nervous_system,central_nervous_system,central_nervous_system,,,,,,,,
upper_aerodigestive_tract,upper_aerodigestive_tract,upper_aerodigestive_tract,,,,,,head & neck,,
haematopoietic_and_lymphoid_tissue,haematopoietic_and_lymphoid_tissue,,,,,,,,,
central_nervous_system,central_nervous_system,central_nervous_system,,,,,,,,
large_intestine,large_intestine,large_intestine,,,,,colo-rectal,,,
lung,lung,lung,,,,,,lung,,
lung,lung,lung,,,,,,lung,,
lung,lung,lung,,,,,,lung,,
lung,lung,lung,,,,,,lung,,
lung,lung,lung,,,,,,lung,,
haematopoietic_and_lymphoid_tissue,haematopoietic_and_lymphoid_tissue,haematopoietic_and_lymphoid_tissue,,,,,lymphoid,,,
cervix,cervix,,,,,,,cervix,,
prostate,prostate,prostate,Prostate,prostate,,prostate,,prostate,,
breast,breast,breast,Breast,,,,,breast,,
haematopoietic_and_lymphoid_tissue,haematopoietic_and_lymphoid_tissue,,,,,,lymphoid,,,
haematopoietic_and_lymphoid_tissue,haematopoietic_and_lymphoid_tissue,haematopoietic_and_lymphoid_tissue,,,,,lymphoid,,,
haematopoietic_and_lymphoid_tissue,haematopoietic_and_lymphoid_tissue,haematopoietic_and_lymphoid_tissue,,,,,lymphoid,,,
breast,breast,breast,,,,breast,breast,,,
lung,lung,,,lung,,lung,lung,,,
haematopoietic_and_lymphoid_tissue,haematopoietic_and_lymphoid_tissue,haematopoietic_and_lymphoid_tissue,,,,,,,,
haematopoietic_and_lymphoid_tissue,haematopoietic_and_lymphoid_tissue,haematopoietic_and_lymphoid_tissue,,,,,,,,
ovary,ovary,ovary,,,,,ovary,,,
upper_aerodigestive_tract,upper_aerodigestive_tract,upper_aerodigestive_tract,,,,,,head & neck,,
soft_tissue,soft_tissue,soft_tissue,,,,,,,,
soft_tissue,soft_tissue,soft_tissue,,,,,kidney,,,
haematopoietic_and_lymphoid_tissue,haematopoietic_and_lymphoid_tissue,haematopoietic_and_lymphoid_tissue,,,,,lymphoid,,ATCC:B lymphocyte (Burkitt's lymphoma),
soft_tissue,soft_tissue,soft_tissue,Sarcoma,,,,,,,
haematopoietic_and_lymphoid_tissue,haematopoietic_and_lymphoid_tissue,haematopoietic_and_lymphoid_tissue,,,,,,,,
large_intestine,large_intestine,large_intestine,,,,,,,,
central_nervous_system,central_nervous_system,central_nervous_system,CNS,,,,,,,
breast,breast,breast,Breast,,breast,,breast,,,
breast,breast,breast,Breast,,breast,,breast,,,
breast,breast,breast,,,,,breast,,,
breast,breast,breast,Breast,,breast,,breast,,,
breast,breast,breast,Breast,,breast,,breast,,,
breast,breast,breast,Breast,,,,breast,,,
breast,breast,breast,Breast,,,,breast,,,
large_intestine,large_intestine,,,colon,,,,,,
breast,breast,breast,Breast,,breast,breast,breast,,,
large_intestine,large_intestine,large_intestine,Colon,colon,,,,intestine,,
large_intestine,large_intestine,large_intestine,,colon,,,colo-rectal,,,
large_intestine,large_intestine,large_intestine,,,,,colo-rectal,,,
haematopoietic_and_lymphoid_tissue,haematopoietic_and_lymphoid_tissue,haematopoietic_and_lymphoid_tissue,,,,,,,,
endometrium,endometrium,endometrium,,,,,,,,
endometrium,endometrium,endometrium,,,,,uterus,,,
endometrium,endometrium,haematopoietic_and_lymphoid_tissue,,,,,,,ATCC:uterus/endometrium (adenocarcinoma),
liver,liver,liver,,,,,,,ATCC:Liver (hepatocellular carcinoma),
liver,liver,liver,,,,,liver,liver,ATCC:Liver (hepatocellular carcinoma),
haematopoietic_and_lymphoid_tissue,haematopoietic_and_lymphoid_tissue,haematopoietic_and_lymphoid_tissue,,,,,,,,
haematopoietic_and_lymphoid_tissue,haematopoietic_and_lymphoid_tissue,haematopoietic_and_lymphoid_tissue,,leukemia,,,lymphoid,,,
skin,skin,skin,Skin,,,,,,,
lung,lung,,,lung,,,lung,,,
lung,lung,,,lung,,,lung,,,
bone,bone,bone,Sarcoma,,,,,,,
pancreas,pancreas,pancreas,Pancreas,,,,pancreas,,,
pancreas,pancreas,pancreas,Pancreas,,,,pancreas,,,
stomach,stomach,stomach,,,,,stomach,,,
breast,breast,breast,,breast,breast,,,,,
haematopoietic_and_lymphoid_tissue,haematopoietic_and_lymphoid_tissue,haematopoietic_and_lymphoid_tissue,Haematopoietic and lymphoid,,,,lymphoid,,,
soft_tissue,soft_tissue,soft_tissue,,,,,lung,miscellaneous,,
urinary_tract,urinary_tract,urinary_tract,,,,,,,,
urinary_tract,urinary_tract,urinary_tract,,,,,,urinary bladder,,
large_intestine,large_intestine,large_intestine,,colon,,,colo-rectal,,,
cervix,cervix,,,,,,,,,
biliary_tract,biliary_tract,biliary_tract,,,,,,,,
liver,liver,liver,,,,,,,,
liver,liver,liver,,,,,liver,liver,,
haematopoietic_and_lymphoid_tissue,haematopoietic_and_lymphoid_tissue,haematopoietic_and_lymphoid_tissue,,,,,,,,
pancreas,pancreas,pancreas,,,,,,pancreas,,
pancreas,pancreas,pancreas,,,,,,pancreas,,
haematopoietic_and_lymphoid_tissue,haematopoietic_and_lymphoid_tissue,haematopoietic_and_lymphoid_tissue,,,,,,,ATCC:cutaneous T lymphocyte (Sezary Syndrome),
small_intestine,small_intestine,small_intestine,,,,,,,,
ovary,ovary,ovary,Ovary,ovary,,,ovary,,,
haematopoietic_and_lymphoid_tissue,haematopoietic_and_lymphoid_tissue,,,,,,,,,
urinary_tract,urinary_tract,urinary_tract,Bladder,,,,,,,
testis,testis,,Placenta,,,,,,,
placenta,placenta,,,,,,,,,
haematopoietic_and_lymphoid_tissue,haematopoietic_and_lymphoid_tissue,,,,,,,lymphatic system,,
haematopoietic_and_lymphoid_tissue,haematopoietic_and_lymphoid_tissue,haematopoietic_and_lymphoid_tissue,,,,,,,ATCC: pre-B lymphoblast (B cell lymphoma),
haematopoietic_and_lymphoid_tissue,haematopoietic_and_lymphoid_tissue,haematopoietic_and_lymphoid_tissue,,,,,,,,
haematopoietic_and_lymphoid_tissue,haematopoietic_and_lymphoid_tissue,haematopoietic_and_lymphoid_tissue,,leukemia,,,lymphoid,,,
haematopoietic_and_lymphoid_tissue,haematopoietic_and_lymphoid_tissue,haematopoietic_and_lymphoid_tissue,,,,,,,,
haematopoietic_and_lymphoid_tissue,haematopoietic_and_lymphoid_tissue,haematopoietic_and_lymphoid_tissue,,,,,,,,
stomach,stomach,stomach,Stomach,,,,,stomach,,
haematopoietic_and_lymphoid_tissue,haematopoietic_and_lymphoid_tissue,haematopoietic_and_lymphoid_tissue,,,,,lymphoid,,,
endometrium,endometrium,endometrium,Uterus,,,,uterus,,,
large_intestine,large_intestine,large_intestine,,colon,,,,,,
central_nervous_system,central_nervous_system,central_nervous_system,,,,,,,,
pancreas,pancreas,pancreas,,,,,,,,
autonomic_ganglia,autonomic_ganglia,autonomic_ganglia,,,,,,,,
breast,breast,breast,,,,,breast,,Edited,
haematopoietic_and_lymphoid_tissue,haematopoietic_and_lymphoid_tissue,haematopoietic_and_lymphoid_tissue,,,,,lymphoid,,,
oesophagus,oesophagus,oesophagus,,,,,head-neck,,,
haematopoietic_and_lymphoid_tissue,haematopoietic_and_lymphoid_tissue,haematopoietic_and_lymphoid_tissue,,,,,,,,
prostate,prostate,prostate,,,,,,prostate,,
haematopoietic_and_lymphoid_tissue,haematopoietic_and_lymphoid_tissue,haematopoietic_and_lymphoid_tissue,,,,,,blood,,
large_intestine,large_intestine,large_intestine,,,,,colo-rectal,,,
haematopoietic_and_lymphoid_tissue,haematopoietic_and_lymphoid_tissue,skin,,melanoma,,,,,,
large_intestine,large_intestine,large_intestine,Colon,,,,,intestine,,
large_intestine,large_intestine,large_intestine,,,,,,,,
large_intestine,large_intestine,,Colon,,,,,intestine,,
large_intestine,large_intestine,large_intestine,,,,,,,,
large_intestine,large_intestine,large_intestine,,,,,,,,
lung,lung,lung,,,,,,,,
lung,lung,lung,,,,,,lung,,
haematopoietic_and_lymphoid_tissue,haematopoietic_and_lymphoid_tissue,,,melanoma,,,,,,
haematopoietic_and_lymphoid_tissue,haematopoietic_and_lymphoid_tissue,skin,,melanoma,,,,,,
haematopoietic_and_lymphoid_tissue,haematopoietic_and_lymphoid_tissue,,,,,,,lymphatic system,,
autonomic_ganglia,autonomic_ganglia,,,,,,,,,
haematopoietic_and_lymphoid_tissue,haematopoietic_and_lymphoid_tissue,haematopoietic_and_lymphoid_tissue,,,,,lymphoid,,,
breast,breast,breast,Breast,breast,breast,,,,,
breast,breast,breast,,,breast,,breast,,,
breast,breast,breast,,,breast,,breast,,,
breast,breast,breast,,,breast,,breast,,,
breast,breast,breast,,breast,breast,,breast,,,
breast,breast,breast,,,breast,,breast,,,
breast,breast,breast,,,breast,,breast,,,
skin,skin,skin,,melanoma,,,skin,skin,Currently people are debating whether or not this cell line is breast or skin. However the common view is that it is skin. Furthermore 435S is considered as a subline of the 435 ,
breast,breast,breast,,,breast,,breast,,,
breast,breast,breast,,,breast,,breast,,,
breast,breast,breast,,,breast,,breast,,,
haematopoietic_and_lymphoid_tissue,haematopoietic_and_lymphoid_tissue,,,melanoma,,,,,,
haematopoietic_and_lymphoid_tissue,haematopoietic_and_lymphoid_tissue,haematopoietic_and_lymphoid_tissue,,,,,,,Literature:http://www.ncbi.nlm.nih.gov/pubmed/10071128 ,
haematopoietic_and_lymphoid_tissue,haematopoietic_and_lymphoid_tissue,haematopoietic_and_lymphoid_tissue,,,,,,,,
endometrium,endometrium,soft_tissue,,,,,,,,
skin,skin,skin,,,,,,skin,,
bone,bone,bone,,,,,sarcomatiod,,,
haematopoietic_and_lymphoid_tissue,haematopoietic_and_lymphoid_tissue,,,,,,lymphoid,,,
pancreas,pancreas,pancreas,,,,,,pancreas,,
haematopoietic_and_lymphoid_tissue,haematopoietic_and_lymphoid_tissue,haematopoietic_and_lymphoid_tissue,Haematopoietic and lymphoid,,,,,,,
stomach,stomach,stomach,,,,,,,,
haematopoietic_and_lymphoid_tissue,haematopoietic_and_lymphoid_tissue,,,,,,lymphoid,,,
haematopoietic_and_lymphoid_tissue,haematopoietic_and_lymphoid_tissue,haematopoietic_and_lymphoid_tissue,,,,,,,,
haematopoietic_and_lymphoid_tissue,haematopoietic_and_lymphoid_tissue,haematopoietic_and_lymphoid_tissue,,leukemia,,,,,,
pleura,pleura,pleura,,,,,,,,
haematopoietic_and_lymphoid_tissue,haematopoietic_and_lymphoid_tissue,haematopoietic_and_lymphoid_tissue,,,,,lymphoid,,,
haematopoietic_and_lymphoid_tissue,haematopoietic_and_lymphoid_tissue,haematopoietic_and_lymphoid_tissue,,,,,,,,
haematopoietic_and_lymphoid_tissue,haematopoietic_and_lymphoid_tissue,haematopoietic_and_lymphoid_tissue,,,,,lymphoid,,,
haematopoietic_and_lymphoid_tissue,haematopoietic_and_lymphoid_tissue,haematopoietic_and_lymphoid_tissue,,,,,lymphoid,,,
autonomic_ganglia,autonomic_ganglia,autonomic_ganglia,,,,,,nervous system,,
haematopoietic_and_lymphoid_tissue,haematopoietic_and_lymphoid_tissue,haematopoietic_and_lymphoid_tissue,,,,,,,,
ovary,ovary,,,ovary,,,,,,
lung,lung,lung,,,,,lung,,,
lung,lung,lung,,,,,lung,,,
lung,lung,lung,,,,,lung,,,
lung,lung,lung,,,,,lung,,,
lung,lung,lung,,,,,lung,,,
lung,lung,lung,,,,,lung,,,
lung,lung,lung,,,,,,,,
lung,lung,lung,,,,,lung,,,
lung,lung,lung,,,,,lung,,,
lung,lung,lung,,,,,,,,
lung,lung,lung,,,,,lung,,,
lung,lung,lung,,,,,lung,,,
lung,lung,lung,,,,,,,,
lung,lung,lung,,,,,lung,,,
lung,lung,lung,,,,,lung,,,
lung,lung,lung,,,,,lung,,,
lung,lung,lung,,,,,lung,,,
lung,lung,lung,,,,,,,,
lung,lung,lung,,,,,lung,,,
lung,lung,,,,,,lung,,,
lung,lung,lung,,,,,lung,,,
lung,lung,lung,,,,,lung,,,
lung,lung,lung,,,,,lung,,,
lung,lung,,,,,,lung,,,
lung,lung,lung,,,,,lung,,,
lung,lung,lung,,,,,lung,,,
lung,lung,,,,,,,,,
lung,lung,lung,,,,,lung,,,
lung,lung,lung,,,,,lung,,,
pleura,pleura,pleura,,,,,other,,,
lung,lung,lung,,,,,lung,,,
lung,lung,lung,,,,,,,,
lung,lung,lung,,,,,lung,,,
lung,lung,,,,,,,,,
lung,lung,lung,,,,,lung,,,
lung,lung,lung,,,,,lung,,,
lung,lung,lung,,,,,lung,,,
lung,lung,lung,,,,,lung,,,
lung,lung,lung,,,,,lung,,,
lung,lung,lung,,,,,lung,,,
lung,lung,lung,,lung,,,lung,,,
lung,lung,lung,,lung,,,lung,,,
lung,lung,lung,,,,,lung,,,
lung,lung,lung,,,,,,,,
lung,lung,lung,,,,,lung,,,
adrenal_gland,adrenal_gland,,,,,,,,,
lung,lung,lung,,lung,,,,,,
lung,lung,lung,,,,,lung,,,
lung,lung,lung,,,,,lung,,,
lung,lung,lung,,,,,lung,,,
lung,lung,lung,,lung,,,lung,,,
large_intestine,large_intestine,large_intestine,,,,,,,,
lung,lung,lung,,,,,lung,,,
lung,lung,lung,,,,,lung,,,
lung,lung,lung,,lung,,,lung,,,
lung,lung,lung,,,,,,,,
lung,lung,lung,,,,,,,,
lung,lung,lung,,,,,lung,,,
large_intestine,large_intestine,,,,,,,,,
lung,lung,lung,,,,,lung,,,
prostate,prostate,prostate,,,,,,,,
lung,lung,lung,,,,,,,,
lung,lung,lung,,,,,,,,
large_intestine,large_intestine,large_intestine,,,,,colo-rectal,,,
lung,lung,,,,,,,,,
lung,lung,lung,,,,,lung,,,
large_intestine,large_intestine,large_intestine,,,,,,,,
lung,lung,,,,,,,,,
lung,lung,lung,,,,,lung,,,
lung,lung,lung,,,,,lung,,,
lung,lung,lung,,,,,,,,
stomach,stomach,stomach,,,,,stomach,,,
stomach,stomach,stomach,,,,,,,,
stomach,stomach,stomach,,,,,,,,
stomach,stomach,stomach,,,,,,,,
ovary,ovary,ovary,,,,,,ovary,,
ovary,ovary,ovary,,,,,,ovary,,
ovary,ovary,ovary,,,,,,,,
oesophagus,oesophagus,oesophagus,,,,,,,,
oesophagus,oesophagus,oesophagus,,,,,,,,
ovary,ovary,ovary,,,,,ovary,,,
ovary,ovary,ovary,,ovary,,,,,,
ovary,ovary,ovary,,ovary,,,ovary,,,
ovary,ovary,,,ovary,,,ovary,,,
ovary,ovary,ovary,,ovary,,,ovary,,,
haematopoietic_and_lymphoid_tissue,haematopoietic_and_lymphoid_tissue,haematopoietic_and_lymphoid_tissue,,,,,,blood,,
haematopoietic_and_lymphoid_tissue,haematopoietic_and_lymphoid_tissue,haematopoietic_and_lymphoid_tissue,Haematopoietic and lymphoid,,,,,,,
pancreas,pancreas,pancreas,,,,,pancreas,pancreas,,
pancreas,pancreas,pancreas,,,,,pancreas,pancreas,,
pancreas,pancreas,pancreas,,,,,,pancreas,,
prostate,prostate,prostate,,prostate,,,other,,,
liver,liver,liver,,,,,,liver,,
haematopoietic_and_lymphoid_tissue,haematopoietic_and_lymphoid_tissue,haematopoietic_and_lymphoid_tissue,,,,,,,,
haematopoietic_and_lymphoid_tissue,haematopoietic_and_lymphoid_tissue,haematopoietic_and_lymphoid_tissue,,,,,,,,
soft_tissue,soft_tissue,soft_tissue,Sarcoma,,,,,,,
bone,bone,bone,,,,,,,,
haematopoietic_and_lymphoid_tissue,haematopoietic_and_lymphoid_tissue,haematopoietic_and_lymphoid_tissue,,,,,lymphoid,,,
haematopoietic_and_lymphoid_tissue,haematopoietic_and_lymphoid_tissue,haematopoietic_and_lymphoid_tissue,,,,,,blood,,
haematopoietic_and_lymphoid_tissue,haematopoietic_and_lymphoid_tissue,haematopoietic_and_lymphoid_tissue,Haematopoietic and lymphoid,,,,lymphoid,,,
endometrium,endometrium,endometrium,,,,,,,,
upper_aerodigestive_tract,upper_aerodigestive_tract,,Head and Neck,,,,,head & neck,,
haematopoietic_and_lymphoid_tissue,haematopoietic_and_lymphoid_tissue,,Haematopoietic and lymphoid,,,,,lymphatic system,,
haematopoietic_and_lymphoid_tissue,haematopoietic_and_lymphoid_tissue,haematopoietic_and_lymphoid_tissue,,leukemia,,,,blood,,
kidney,kidney,,,renal,,,,,,
bone,bone,bone,,,,,,,,
urinary_tract,urinary_tract,urinary_tract,,,,,,,,
upper_aerodigestive_tract,upper_aerodigestive_tract,upper_aerodigestive_tract,,,,,head-neck,,,
upper_aerodigestive_tract,upper_aerodigestive_tract,upper_aerodigestive_tract,,,,,head-neck,,,
haematopoietic_and_lymphoid_tissue,haematopoietic_and_lymphoid_tissue,haematopoietic_and_lymphoid_tissue,,,,,,,,
central_nervous_system,central_nervous_system,,,CNS,,,brain,,,
central_nervous_system,central_nervous_system,central_nervous_system,,CNS,,,,,,
central_nervous_system,central_nervous_system,,,CNS,,,brain,,,
skin,skin,skin,,,,,,,,
lung,lung,lung,,,,,,,,
cervix,cervix,,,,,,cervix,,,
soft_tissue,soft_tissue,soft_tissue,Sarcoma,,,,,,,
bone,bone,bone,,,,,,,,
breast,breast,breast,,,breast,,breast,,,
soft_tissue,soft_tissue,soft_tissue,,,,,,,,
skin,skin,skin,,,,,skin,,,
skin,skin,skin,,melanoma,,,skin,,,
skin,skin,skin,,melanoma,,,skin,,,
skin,skin,skin,,,,,skin,,,
skin,skin,skin,,melanoma,,,skin,,,
lung,lung,lung,,,,,lung,,,
autonomic_ganglia,autonomic_ganglia,autonomic_ganglia,,,,,brain,,,
autonomic_ganglia,autonomic_ganglia,autonomic_ganglia,,,,,brain,,,
autonomic_ganglia,autonomic_ganglia,autonomic_ganglia,,,,,brain,,,
kidney,kidney,,,,,,,,,
ovary,ovary,ovary,,ovary,,,ovary,,,
soft_tissue,soft_tissue,soft_tissue,,,,,,,,
kidney,kidney,,,renal,,,,,,
central_nervous_system,central_nervous_system,central_nervous_system,,CNS,,,,brain,,
central_nervous_system,central_nervous_system,,,CNS,,,,,,
liver,liver,liver,,,,,liver,,,
liver,liver,liver,,,,,liver,,,
liver,liver,liver,,,,,liver,,,
liver,liver,liver,,,,,liver,,,
liver,liver,liver,,,,,liver,,,
liver,liver,liver,,,,,liver,,,
haematopoietic_and_lymphoid_tissue,haematopoietic_and_lymphoid_tissue,haematopoietic_and_lymphoid_tissue,Haematopoietic and lymphoid,leukemia,,,lymphoid,,,
haematopoietic_and_lymphoid_tissue,haematopoietic_and_lymphoid_tissue,haematopoietic_and_lymphoid_tissue,Haematopoietic and lymphoid,,,,,,,
haematopoietic_and_lymphoid_tissue,haematopoietic_and_lymphoid_tissue,haematopoietic_and_lymphoid_tissue,,,,,other,,,
haematopoietic_and_lymphoid_tissue,haematopoietic_and_lymphoid_tissue,haematopoietic_and_lymphoid_tissue,,,,,lymphoid,,,
haematopoietic_and_lymphoid_tissue,haematopoietic_and_lymphoid_tissue,haematopoietic_and_lymphoid_tissue,,,,,lymphoid,,,
bone,bone,bone,,,,,,,ATCC: chondrosarcoma,
central_nervous_system,central_nervous_system,central_nervous_system,CNS,,,,,brain,,
large_intestine,large_intestine,large_intestine,Colon,,,,,intestine,,
large_intestine,large_intestine,large_intestine,Colon,,,,,intestine,,
large_intestine,large_intestine,large_intestine,Colon,,,,,intestine,,
lung,lung,lung,,,,,,lung,,
urinary_tract,urinary_tract,urinary_tract,,,,,,urinary bladder,,
central_nervous_system,central_nervous_system,central_nervous_system,CNS,,,,,brain,,
pancreas,pancreas,pancreas,Pancreas,,,,,pancreas,,
large_intestine,large_intestine,large_intestine,Colon,,,,,,,
large_intestine,large_intestine,large_intestine,Colon,,,,,intestine,,
large_intestine,large_intestine,large_intestine,Colon,,,,,,,
large_intestine,large_intestine,large_intestine,Colon,colon,,,,,,
soft_tissue,soft_tissue,,,,,,,,,
urinary_tract,urinary_tract,urinary_tract,Bladder,,,,,urinary bladder,,
large_intestine,large_intestine,large_intestine,Colon,,,,,,,
soft_tissue,soft_tissue,,,,,,,,,
lung,lung,lung,Lung,,,,,lung,,
large_intestine,large_intestine,large_intestine,Colon,,,,,intestine,,
vulva,vulva,,,,,,,,,
vulva,vulva,,,,,,,,,
soft_tissue,soft_tissue,,,,,,,,,
urinary_tract,urinary_tract,urinary_tract,Bladder,,,,,,,
breast,breast,breast,,breast,breast,,,,,
large_intestine,large_intestine,large_intestine,Colon,,,,colo-rectal,,,
haematopoietic_and_lymphoid_tissue,haematopoietic_and_lymphoid_tissue,haematopoietic_and_lymphoid_tissue,,,,,lymphoid,,,
bone,bone,bone,,,,,,,,
kidney,kidney,,,renal,,,,,,
haematopoietic_and_lymphoid_tissue,haematopoietic_and_lymphoid_tissue,haematopoietic_and_lymphoid_tissue,,,,,,,,
haematopoietic_and_lymphoid_tissue,haematopoietic_and_lymphoid_tissue,haematopoietic_and_lymphoid_tissue,,,,,lymphoid,,,
thyroid,thyroid,thyroid,,,,,,,,
central_nervous_system,central_nervous_system,central_nervous_system,,,,,,brain,,
central_nervous_system,central_nervous_system,central_nervous_system,,,,,,,,
bone,bone,bone,Sarcoma,,,,,bone,,
haematopoietic_and_lymphoid_tissue,haematopoietic_and_lymphoid_tissue,haematopoietic_and_lymphoid_tissue,Haematopoietic and lymphoid,,,,,blood,,
central_nervous_system,central_nervous_system,central_nervous_system,,,,,,brain,,
kidney,kidney,,,renal,,,,,,
central_nervous_system,central_nervous_system,central_nervous_system,,CNS,,,,,,
haematopoietic_and_lymphoid_tissue,haematopoietic_and_lymphoid_tissue,skin,,melanoma,,,skin,,,
haematopoietic_and_lymphoid_tissue,haematopoietic_and_lymphoid_tissue,skin,,melanoma,,,,,,
breast,breast,breast,,,breast,,breast,,,
breast,breast,breast,,,breast,,breast,,,
urinary_tract,urinary_tract,urinary_tract,,,,,urinary bladder,,,
lung,lung,,,,,,lung,,,
urinary_tract,urinary_tract,urinary_tract,,,,,,urinary bladder,,
skin,skin,skin,,,,,skin,,,
central_nervous_system,central_nervous_system,central_nervous_system,,,,,,,,
breast,breast,breast,,,breast,,breast,,,
breast,breast,breast,,,breast,,,breast,,
breast,breast,,,,breast,,,,,
hematopoietic_and_lymphatic_system,hematopoietic_and_lymphatic_system,,,,,,,lymphatic system,,
cervix,cervix,,,,,,,cervix,,
hematopoietic_and_lymphatic_system,hematopoietic_and_lymphatic_system,,,,,,,blood,,
lung,lung,lung,,,,,lung,lung,,
ovary,ovary,ovary,,,,,ovary,ovary,,
haematopoietic_and_lymphoid_tissue,haematopoietic_and_lymphoid_tissue,haematopoietic_and_lymphoid_tissue,,,,,,blood,,
bone,bone,bone,,,,,,bone,,
kidney,kidney,kidney,,,,,,,,
cervix,cervix,,,,,,,cervix,,
skin,skin,,,,,,,skin,,
endometrium,endometrium,endometrium,,,,,,,,
haematopoietic_and_lymphoid_tissue,haematopoietic_and_lymphoid_tissue,haematopoietic_and_lymphoid_tissue,,,,,,blood,,
breast,breast,,,,breast,,,breast,,
breast,breast,,,,,,,breast,,
hematopoietic_and_lymphatic_system,hematopoietic_and_lymphatic_system,,,,,,,lymphatic system,,
haematopoietic_and_lymphoid_tissue,haematopoietic_and_lymphoid_tissue,haematopoietic_and_lymphoid_tissue,,,,,,blood,,
haematopoietic_and_lymphoid_tissue,haematopoietic_and_lymphoid_tissue,haematopoietic_and_lymphoid_tissue,,,,,lymphoid,blood,,
ovary,ovary,ovary,,,,,ovary,,,
,,RS4,11,haematopoietic_and_lymphoid_tissue,haematopoietic_and_lymphoid_tissue,,,blood,,
soft_tissue,soft_tissue,soft_tissue,Sarcoma,,,,sarcomatiod,muscle,,
stomach,stomach,,,,,,stomach,stomach,,
stomach,stomach,,,,,,stomach,stomach,,
large_intestine,large_intestine,large_intestine,,,,,,,,
large_intestine,large_intestine,large_intestine,,,,,,,,
hematopoietic_and_lymphatic_system,hematopoietic_and_lymphatic_system,,,,,,lymphoid,lymphatic system,,
ovary,ovary,,,,,,,ovary,,
adrenal_gland,adrenal_gland,,,,,,,adrenal gland,,
lung,lung,lung,,,,,,,,
ovary,ovary,ovary,,,,,ovary,ovary,,
haematopoietic_and_lymphoid_tissue,haematopoietic_and_lymphoid_tissue,haematopoietic_and_lymphoid_tissue,,,,,lymphoid,lymphatic system,,
prostate,prostate,prostate,,,,,,prostate,,
haematopoietic_and_lymphoid_tissue,haematopoietic_and_lymphoid_tissue,haematopoietic_and_lymphoid_tissue,,,,,lymphoid,lymphatic system,,
skin,skin,skin,,,,,skin,skin,,
large_intestine,large_intestine,,Colon,,,,,intestine,,
haematopoietic_and_lymphoid_tissue,haematopoietic_and_lymphoid_tissue,haematopoietic_and_lymphoid_tissue,,,,,,,,
central_nervous_system,central_nervous_system,,,,,,,nervous system,,
placenta,placenta,,,,,,,miscellaneous,,
endometrium,endometrium,endometrium,,,,,,uterus,,
large_intestine,large_intestine,,,,,,colo-rectal,intestine,,
haematopoietic_and_lymphoid_tissue,haematopoietic_and_lymphoid_tissue,,,,,,,lymphatic system,,
lung,lung,lung,,,,,lung,lung,,
lung,lung,lung,,,,,lung,lung,,
breast,breast,breast,,breast,,,breast,breast,,
stomach,stomach,stomach,,,,,stomach,stomach,,
haematopoietic_and_lymphoid_tissue,haematopoietic_and_lymphoid_tissue,haematopoietic_and_lymphoid_tissue,,,,,lymphoid,blood,,
bone,bone,,,,,,,bone,,
lung,lung,lung,,,,,,lung,,
lung,lung,,,,,,,lung,,
lung,lung,,,,,,,lung,,
breast,breast,,,,,,,breast,,
testis,testis,,,,,,,testes,,
lung,lung,lung,,,,,,lung,,
lung,lung,,,,,,lung,lung,,
haematopoietic_and_lymphoid_tissue,haematopoietic_and_lymphoid_tissue,,,,,,,blood,,
ovary,ovary,ovary,,,,,ovary,ovary,,
upper_aerodigestive_tract,upper_aerodigestive_tract,upper_aerodigestive_tract,,,,,,head & neck,,
upper_aerodigestive_tract,upper_aerodigestive_tract,upper_aerodigestive_tract,,,,,head-neck,head & neck,,
haematopoietic_and_lymphoid_tissue,haematopoietic_and_lymphoid_tissue,haematopoietic_and_lymphoid_tissue,,,,,lymphoid,,,
endometrium,endometrium,endometrium,,,,,,uterus,,
stomach,stomach,,,,,,stomach,stomach,,
soft_tissue,soft_tissue,soft_tissue,,,,,,muscle,,
cervix,cervix,,,,,,,cervix,,
large_intestine,large_intestine,large_intestine,,,,,colo-rectal,,,
