"unique.cellid","CGP.cellid","CCLE.cellid","GSK.cellid","NCI60.cellid","GRAY.cellid","SU2C.cellid","GNE.cellid","CTRP.cellid","PGP.cellid","LINCS.cellid","LINCS_HMS.cellid","COSMIC.tissueid","Comment","CGP_EMTAB3610.cellid","CCLE_rnaseq.cellid"
"22RV1","22RV1","22Rv1",NA,NA,NA,NA,NA,NA,NA,NA,NA,"prostate",NA,NA,"22Rv1"
"23132-87","23132-87","23132/87",NA,NA,NA,NA,NA,NA,NA,NA,NA,"stomach",NA,NA,"23132_87"
"5637","5637","5637","5637",NA,NA,NA,NA,"5637",NA,NA,"5637","urinary_tract",NA,NA,NA
"639-V","639-V","639-V","639V",NA,NA,NA,NA,NA,NA,NA,NA,"urinary_tract",NA,NA,NA
"647-V","647-V","647-V","647V",NA,NA,NA,NA,NA,NA,NA,NA,"urinary_tract",NA,NA,NA
"697","697","697",NA,NA,NA,NA,NA,NA,NA,NA,"697","haematopoietic_and_lymphoid_tissue",NA,NA,NA
"769-P","769-P","769-P","769P",NA,NA,NA,"769-P",NA,NA,NA,NA,"kidney",NA,NA,NA
"786-0","786-0","786-O","786O","RE:786_0",NA,NA,NA,NA,NA,NA,"786-O","kidney",NA,NA,"786-O"
"A101D","A101D","A101D","A101D",NA,NA,NA,NA,NA,NA,NA,NA,"skin",NA,NA,NA
"A172","A172","A172","A172",NA,NA,NA,"A172",NA,NA,NA,NA,"central_nervous_system",NA,NA,NA
"A204","A204","A-204","A204",NA,NA,NA,NA,NA,NA,NA,"A-204","soft_tissue",NA,NA,"A-204"
"A253","A253","A-253",NA,NA,NA,NA,NA,NA,NA,NA,NA,"skin","could also be considered upper_aerodigestive_tract, salivary_gland, head_neck",NA,"A-253"
"A3-KAW","A3-KAW","A3/KAW",NA,NA,NA,NA,"A3/KAW",NA,NA,NA,NA,"haematopoietic_and_lymphoid_tissue",NA,NA,"A3_KAW"
"A375","A375","A-375","A375",NA,NA,NA,"A-375","A375",NA,NA,NA,"skin",NA,NA,"A-375"
"A4-Fuk","A4-Fuk","A4/Fuk",NA,NA,NA,NA,"A4/Fuk",NA,NA,NA,NA,"haematopoietic_and_lymphoid_tissue",NA,NA,"A4_Fuk"
"A427","A427",NA,"A427",NA,NA,NA,"A-427",NA,NA,NA,NA,"lung",NA,NA,NA
"A431","A431",NA,"A431",NA,NA,NA,"A-431",NA,NA,NA,"A-431","skin",NA,NA,NA
"A498","A498","A-498","A498","RE:A498",NA,NA,"A-498",NA,NA,NA,NA,"haematopoietic_and_lymphoid_tissue",NA,NA,"A-498"
"A549","A549","A549",NA,"LC:A549",NA,NA,"A549","A549","A549","A549",NA,"lung",NA,NA,NA
"A673","A673","A-673","A673",NA,NA,NA,"A-673",NA,NA,NA,NA,"bone",NA,NA,"A-673"
"A704","A704","A-704",NA,NA,NA,NA,NA,NA,NA,NA,NA,"kidney",NA,NA,"A-704"
"ACHN","ACHN","ACHN","ACHN","RE:ACHN",NA,NA,"ACHN",NA,NA,NA,NA,"kidney",NA,NA,NA
"AGS","AGS","AGS","AGS",NA,NA,NA,"AGS","AGS","AGS","AGS",NA,"stomach",NA,NA,NA
"AMO-1",NA,"AMO-1",NA,NA,NA,NA,"AMO-1","AMO1",NA,NA,NA,"haematopoietic_and_lymphoid_tissue",NA,NA,NA
"AN3-CA","AN3-CA","AN3 CA","AN3CA",NA,NA,NA,"AN3 CA",NA,NA,NA,NA,"endometrium",NA,NA,"AN3_CA"
"ARH-77","ARH-77",NA,"ARH77",NA,NA,NA,NA,NA,NA,NA,NA,"haematopoietic_and_lymphoid_tissue",NA,NA,NA
"AsPC-1","AsPC-1","AsPC-1","ASPC1",NA,NA,NA,"AsPC-1",NA,NA,NA,NA,"pancreas",NA,NA,NA
"BC-1","BC-1",NA,"BC1",NA,NA,NA,NA,NA,NA,NA,NA,"haematopoietic_and_lymphoid_tissue",NA,NA,NA
"BC-2",NA,NA,"BC2",NA,NA,NA,NA,NA,NA,NA,"BC-2","hematopoietic_and_lymphatic_system",NA,NA,NA
"BC-3","BC-3",NA,"BC3",NA,NA,NA,NA,NA,NA,NA,NA,"haematopoietic_and_lymphoid_tissue",NA,NA,NA
"BCPAP","BCPAP","B-CPAP",NA,NA,NA,NA,NA,NA,NA,NA,NA,"thyroid",NA,NA,"B-CPAP"
"BDCM",NA,"BDCM","BDCM",NA,NA,NA,NA,NA,NA,NA,NA,"haematopoietic_and_lymphoid_tissue","ATCC:peripheral blood (acute myelogenous leukemia (AML))",NA,NA
"BE(2)-C",NA,NA,"BE2C",NA,NA,NA,NA,NA,NA,NA,"BE(2)-C","central_nervous_system",NA,NA,NA
"BEWO",NA,NA,"BEWO",NA,NA,NA,NA,NA,NA,NA,"BeWo","placenta",NA,NA,NA
"BFTC-905","BFTC-905","BFTC-905","BFTC905",NA,NA,NA,"BFTC-905",NA,NA,NA,NA,"urinary_tract",NA,NA,NA
"BHT-101","BHT-101","BHT-101","BHT101",NA,NA,NA,NA,NA,NA,NA,NA,"thyroid",NA,NA,NA
"BL-70","BL-70","BL-70",NA,NA,NA,NA,NA,"BL70",NA,NA,NA,"haematopoietic_and_lymphoid_tissue",NA,NA,NA
"BPH-1","BPH-1",NA,"BPH1",NA,NA,NA,NA,NA,NA,NA,NA,"prostate",NA,NA,NA
"BT-20","BT-20","BT-20","BT20",NA,"BT20","BT20","BT-20",NA,"BT20","BT20",NA,"breast",NA,NA,NA
"BT-474","BT-474","BT-474","BT474",NA,"BT474","BT474","BT-474",NA,"BT474",NA,NA,"breast",NA,NA,NA
"BT-483",NA,"BT-483",NA,NA,"BT483","BT483","BT-483",NA,NA,NA,NA,"breast",NA,NA,NA
"BT-549","BT-549","BT-549",NA,"BR:BT_549","BT549","BT549","BT-549",NA,"BT549",NA,NA,"breast",NA,NA,NA
"BV-173","BV-173","BV-173","BV173",NA,NA,NA,NA,NA,NA,NA,NA,"haematopoietic_and_lymphoid_tissue",NA,NA,NA
"BxPC-3","BxPC-3","BxPC-3","BXPC3",NA,NA,NA,"BxPC-3",NA,NA,NA,NA,"pancreas",NA,NA,NA
"C-33-A","C-33-A",NA,"C33A",NA,NA,NA,"C-33 A",NA,NA,NA,"C-33 A","cervix",NA,NA,NA
"C-4 I",NA,NA,"C4I",NA,NA,NA,NA,NA,NA,NA,"C-4 I","cervix",NA,"C-4-I",NA
"C-4-II","C-4-II",NA,"C4II",NA,NA,NA,NA,NA,NA,NA,"C-4 II","cervix",NA,NA,NA
"C2BBe1","C2BBe1","C2BBe1",NA,NA,NA,NA,"C2BBe1","C2BBE1",NA,NA,NA,"large_intestine",NA,NA,NA
"C32","C32","C32","C32TG",NA,NA,NA,"C32",NA,NA,NA,NA,"skin",NA,NA,NA
"C3A","C3A","C3A","C3A",NA,NA,NA,"C3A",NA,NA,NA,NA,"liver",NA,NA,NA
"Ca-Ski","Ca-Ski",NA,NA,NA,NA,NA,"Ca Ski",NA,NA,NA,"Ca Ski","cervix",NA,NA,NA
"CA46","CA46","CA46","CA46",NA,NA,NA,"CA46",NA,NA,NA,NA,"haematopoietic_and_lymphoid_tissue",NA,NA,NA
"CAKI-1","CAKI-1","Caki-1","CAKI1","RE:CAKI_1",NA,NA,"Caki-1",NA,NA,NA,NA,"kidney",NA,NA,"Caki-1"
"Caki-2",NA,"Caki-2","CAKI2",NA,NA,NA,"Caki-2",NA,NA,NA,NA,"kidney",NA,NA,NA
"CAL-120","CAL-120","CAL-120",NA,NA,"CAL120",NA,"CAL-120",NA,NA,NA,NA,"breast",NA,NA,NA
"CAL-12T","CAL-12T","CAL-12T",NA,NA,NA,NA,"CAL-12T","CAL12T",NA,NA,NA,"lung",NA,NA,NA
"CAL-148","CAL-148","CAL-148",NA,NA,"CAL148",NA,"CAL-148",NA,NA,NA,NA,"breast",NA,NA,NA
"CAL-27","CAL-27","CAL 27","CAL27",NA,NA,NA,"CAL 27",NA,NA,NA,NA,"upper_aerodigestive_tract",NA,NA,"CAL_27"
"CAL-51","CAL-51","CAL-51",NA,NA,"CAL51",NA,"CAL51",NA,NA,NA,NA,"breast",NA,NA,NA
"CAL-54","CAL-54","CAL-54","CAL54",NA,NA,NA,"CAL 54",NA,NA,NA,NA,"kidney",NA,NA,NA
"CAL-62","CAL-62","CAL-62","CAL62",NA,NA,NA,NA,NA,NA,NA,NA,"thyroid",NA,NA,NA
"CAL-85-1","CAL-85-1","CAL-85-1",NA,NA,"CAL851",NA,"CAL-85-1",NA,NA,NA,NA,"breast",NA,NA,NA
"Calu-1","Calu-1","Calu-1","CALU1",NA,NA,NA,"Calu-1",NA,"Calu1",NA,NA,"lung",NA,NA,NA
"Calu-3","Calu-3","Calu-3","CALU3",NA,NA,NA,"Calu-3","CALU3",NA,NA,NA,"lung",NA,NA,NA
"Calu-6","Calu-6","Calu-6","CALU6",NA,NA,NA,"Calu-6","CALU6","Calu6",NA,NA,"lung",NA,NA,NA
"CAMA-1","CAMA-1","CAMA-1",NA,NA,"CAMA1","CAMA1","CAMA-1",NA,"CAMA1",NA,NA,"breast",NA,NA,NA
"Caov-3","Caov-3","Caov-3","CAOV3",NA,NA,NA,"Caov-3","CAOV3",NA,NA,NA,"ovary",NA,NA,NA
"CAPAN-1","CAPAN-1","Capan-1","CAPAN1",NA,NA,NA,"Capan-1",NA,NA,NA,NA,"pancreas",NA,NA,"Capan-1"
"Capan-2","Capan-2","Capan-2","CAPAN2",NA,NA,NA,"Capan-2","CAPAN2",NA,NA,NA,"pancreas",NA,NA,NA
"CCF-STTG1","CCF-STTG1","CCF-STTG1","CCFSTTG1",NA,NA,NA,NA,NA,NA,NA,NA,"central_nervous_system",NA,NA,NA
"CCRF-CEM","CCRF-CEM",NA,"CCRFCEM","LE:CCRF_CEM",NA,NA,NA,NA,NA,NA,NA,"haematopoietic_and_lymphoid_tissue",NA,NA,NA
"CEMC1",NA,NA,"CEMC1",NA,NA,NA,NA,NA,NA,NA,"CEM/C1","hematopoietic_and_lymphatic_system",NA,NA,NA
"CESS","CESS",NA,"CESS",NA,NA,NA,NA,NA,NA,NA,NA,"haematopoietic_and_lymphoid_tissue",NA,NA,NA
"CFPAC-1","CFPAC-1","CFPAC-1",NA,NA,NA,NA,"CFPAC-1","CFPAC1",NA,NA,NA,"pancreas",NA,NA,NA
"CGTH-W-1","CGTH-W-1","CGTH-W-1","CGTHW1",NA,NA,NA,NA,NA,NA,NA,NA,"thyroid",NA,NA,NA
"ChaGo-K-1","ChaGo-K-1","ChaGo-K-1","CHAGOK1",NA,NA,NA,"ChaGo-K-1","CHAGOK1",NA,NA,NA,"lung",NA,NA,NA
"CHL-1","CHL-1","CHL-1","CHL1",NA,NA,NA,"CHL-1",NA,NA,NA,NA,"skin",NA,NA,NA
"CHP-212","CHP-212","CHP-212","CHP212",NA,NA,NA,"CHP-212",NA,NA,NA,NA,"autonomic_ganglia",NA,NA,NA
"CL-34",NA,"CL-34",NA,NA,NA,NA,"CL-34","CL34",NA,"CL34",NA,"large_intestine",NA,NA,NA
"CL-40",NA,"CL-40",NA,NA,NA,NA,"CL-40","CL40",NA,NA,NA,"large_intestine",NA,NA,NA
"CML-T1","CML-T1","CML-T1","CMLT1",NA,NA,NA,NA,NA,NA,NA,NA,"haematopoietic_and_lymphoid_tissue",NA,NA,NA
"COLO 201",NA,"COLO 201","COLO201",NA,NA,NA,"COLO 201",NA,NA,NA,NA,"large_intestine","Edited; ATCC:colon",NA,"COLO_201"
"COLO 320DM",NA,NA,"COLO320DM",NA,NA,NA,"COLO 320DM",NA,NA,NA,"COLO 320DM","large_intestine",NA,NA,NA
"COLO-205","COLO-205","COLO 205","COLO205","CO:COLO205",NA,NA,"COLO 205","COLO205",NA,NA,NA,"large_intestine",NA,NA,NA
"COLO-320-HSR","COLO-320-HSR","COLO-320","COLO320HSR",NA,NA,NA,NA,"COLO320","COLO320HSR",NA,NA,"large_intestine",NA,NA,"COLO-320"
"COLO-668","COLO-668","COLO 668","COLO668",NA,NA,NA,NA,"COLO668",NA,NA,NA,"lung",NA,NA,"COLO_668"
"COLO-678","COLO-678","COLO-678",NA,NA,NA,NA,"COLO 678","COLO678",NA,NA,NA,"large_intestine",NA,NA,NA
"COLO-679","COLO-679","COLO-679",NA,NA,NA,NA,"COLO 679",NA,NA,NA,NA,"skin",NA,NA,NA
"COLO-680N","COLO-680N","COLO-680N",NA,NA,NA,NA,"COLO 680N",NA,NA,NA,NA,"oesophagus",NA,NA,NA
"COLO-684","COLO-684","COLO 684",NA,NA,NA,NA,NA,NA,NA,NA,"COLO 684","endometrium",NA,NA,"COLO_684"
"COLO-699",NA,"COLO-699",NA,NA,NA,NA,"COLO 699","COLO699",NA,NA,NA,"lung",NA,NA,NA
"COLO-704",NA,"COLO-704","COLO704",NA,NA,NA,"COLO-704",NA,NA,NA,NA,"ovary",NA,NA,NA
"COLO-741","COLO-741","COLO 741",NA,NA,NA,NA,"COLO 741","COLO741",NA,NA,NA,"large_intestine",NA,NA,"COLO_741"
"COLO-792","COLO-792","COLO 792",NA,NA,NA,NA,"COLO 792",NA,NA,NA,NA,"skin",NA,NA,"COLO_792"
"COLO-800","COLO-800","COLO-800",NA,NA,NA,NA,"COLO 800",NA,NA,NA,NA,"skin",NA,NA,NA
"COLO-824","COLO-824",NA,NA,NA,"COLO824",NA,NA,NA,NA,NA,NA,"breast",NA,NA,NA
"COLO-829","COLO-829","COLO 829","COLO829",NA,NA,NA,"COLO 829",NA,NA,NA,NA,"skin",NA,NA,"COLO_829"
"COLO-849",NA,"COLO-849",NA,NA,NA,NA,"COLO 849",NA,NA,NA,NA,"skin",NA,NA,NA
"COR-L105","COR-L105","COR-L105","CORL105",NA,NA,NA,NA,NA,NA,NA,"COR-L 105","lung",NA,NA,NA
"COR-L23","COR-L23","COR-L23","CORL23",NA,NA,NA,NA,"CORL23",NA,"CORL23",NA,"lung",NA,"COR-L32",NA
"COR-L279","COR-L279","COR-L279","CORL279",NA,NA,NA,"COR-L279","CORL279",NA,NA,NA,"lung",NA,NA,NA
"COR-L51","COR-L51","COR-L51",NA,NA,NA,NA,NA,"CORL51",NA,NA,NA,"lung",NA,NA,NA
"COR-L88","COR-L88","COR-L88","CORL88",NA,NA,NA,"COR-L88","CORL88",NA,NA,NA,"lung",NA,NA,NA
"CRO-AP2","CRO-AP2",NA,"CROAP2",NA,NA,NA,NA,NA,NA,NA,NA,"haematopoietic_and_lymphoid_tissue",NA,NA,NA
"CRO-AP5","CRO-AP5",NA,"CROAP5",NA,NA,NA,NA,NA,NA,NA,NA,"haematopoietic_and_lymphoid_tissue",NA,NA,NA
"CW-2","CW-2","CW-2",NA,NA,NA,NA,"CW-2","CW2",NA,NA,NA,"large_intestine",NA,NA,NA
"D-283MED","D-283MED","D283 Med","D283MED",NA,NA,NA,NA,NA,NA,NA,"D283 Med","central_nervous_system",NA,NA,"D283_Med"
"D341 Med",NA,"D341 Med","D341MED",NA,NA,NA,NA,NA,NA,NA,NA,"central_nervous_system","ATCC:Brain/cerebellum ",NA,"D341_Med"
"Daudi","Daudi","Daudi","DAUDI",NA,NA,NA,"Daudi",NA,NA,NA,NA,"haematopoietic_and_lymphoid_tissue",NA,NA,NA
"DB","DB","DB","DB",NA,NA,NA,"DB",NA,NA,NA,NA,"haematopoietic_and_lymphoid_tissue",NA,NA,NA
"DBTRG-05MG","DBTRG-05MG","DBTRG-05MG","DBTRG05MG",NA,NA,NA,NA,NA,NA,NA,NA,"central_nervous_system",NA,NA,NA
"Detroit562","Detroit562","Detroit 562","DETROIT562",NA,NA,NA,"Detroit 562",NA,NA,NA,NA,"upper_aerodigestive_tract",NA,NA,"Detroit_562"
"DG-75","DG-75",NA,"DG75",NA,NA,NA,NA,NA,NA,NA,NA,"haematopoietic_and_lymphoid_tissue",NA,NA,NA
"DK-MG","DK-MG","DK-MG","DKMG",NA,NA,NA,NA,NA,NA,NA,NA,"central_nervous_system",NA,NA,NA
"DLD-1",NA,"DLD-1","DLD1",NA,NA,NA,"DLD-1","DLD1",NA,NA,NA,"large_intestine",NA,NA,NA
"DMS-114","DMS-114","DMS 114","DMS114",NA,NA,NA,NA,NA,NA,NA,"DMS 114","lung",NA,NA,"DMS_114"
"DMS-153","DMS-153","DMS 153","DMS153",NA,NA,NA,NA,NA,NA,NA,"DMS 153","lung",NA,NA,"DMS_153"
"DMS-273","DMS-273","DMS 273","DMS273",NA,NA,NA,"DMS 273","DMS273",NA,NA,NA,"lung",NA,NA,"DMS_273"
"DMS-53","DMS-53","DMS 53","DMS53",NA,NA,NA,"DMS 53",NA,NA,NA,NA,"lung",NA,NA,"DMS_53"
"DMS-79","DMS-79","DMS 79","DMS79",NA,NA,NA,"DMS 79",NA,NA,NA,NA,"lung",NA,NA,"DMS_79"
"DOHH-2","DOHH-2","DOHH-2","DOHH2",NA,NA,NA,"DOHH-2",NA,NA,NA,NA,"haematopoietic_and_lymphoid_tissue",NA,NA,NA
"DoTc2-4510","DoTc2-4510",NA,"DOTC24510",NA,NA,NA,NA,NA,NA,NA,"DoTc2 4510","cervix",NA,NA,NA
"DU-145","DU-145","DU 145","DU145","PR:DU_145",NA,NA,"DU 145",NA,NA,NA,NA,"prostate",NA,NA,"DU_145"
"DU-4475","DU-4475","DU4475","DU4475",NA,NA,NA,"DU4475",NA,NA,NA,NA,"breast",NA,NA,"DU4475"
"DV-90","DV-90","DV-90",NA,NA,NA,NA,"DV-90","DV90",NA,"DV90","DV-90","lung",NA,NA,NA
"EB-3","EB-3",NA,"EB3",NA,NA,NA,"EB-3",NA,NA,NA,NA,"haematopoietic_and_lymphoid_tissue",NA,NA,NA
"EB1",NA,"EB1","EB1",NA,NA,NA,"EB1",NA,NA,NA,NA,"haematopoietic_and_lymphoid_tissue",NA,NA,NA
"EB2","EB2","EB2","EB2",NA,NA,NA,"EB2",NA,NA,NA,NA,"haematopoietic_and_lymphoid_tissue",NA,NA,NA
"EBC-1",NA,"EBC-1",NA,NA,NA,NA,"EBC-1","EBC1",NA,NA,NA,"lung",NA,NA,NA
"EFM-19","EFM-19","EFM-19","EFM19",NA,"EFM19",NA,"EFM-19",NA,"EFM19",NA,NA,"breast",NA,NA,NA
"EFM-192A",NA,"EFM-192A",NA,NA,"EFM192A",NA,"EFM-192A",NA,NA,NA,NA,"breast",NA,NA,NA
"EFM-192B",NA,NA,NA,NA,"EFM192B",NA,"EFM-192B",NA,NA,NA,NA,"breast",NA,NA,NA
"EFM-192C",NA,NA,NA,NA,"EFM192C",NA,"EFM-192C",NA,NA,NA,NA,"breast",NA,NA,NA
"EFO-21","EFO-21","EFO-21",NA,NA,NA,NA,NA,"EFO21",NA,NA,NA,"ovary",NA,NA,NA
"EFO-27","EFO-27","EFO-27",NA,NA,NA,NA,"EFO-27","EFO27",NA,"EFO27","EFO-27","ovary",NA,NA,NA
"EKVX","EKVX",NA,NA,"LC:EKVX",NA,NA,"EKVX",NA,"EKVX",NA,NA,"lung",NA,NA,NA
"EM-2","EM-2","EM-2","EM2",NA,NA,NA,NA,NA,NA,NA,NA,"haematopoietic_and_lymphoid_tissue",NA,NA,NA
"EOL-1","EoL-1-cell","EOL-1",NA,NA,NA,NA,NA,NA,NA,NA,NA,"haematopoietic_and_lymphoid_tissue",NA,NA,NA
"EoL-1-cell","EoL-1-cell","EOL-1",NA,NA,NA,NA,NA,NA,NA,NA,"EoL-1-cell","haematopoietic_and_lymphoid_tissue",NA,NA,"EOL-1"
"EPLC-272H","EPLC-272H","EPLC-272H",NA,NA,NA,NA,"EPLC-272H","EPLC272H",NA,NA,NA,"lung",NA,NA,NA
"ES-2",NA,"ES-2","ES2",NA,NA,NA,"ES-2",NA,NA,NA,NA,"ovary",NA,NA,NA
"EVSA-T","EVSA-T","EVSA-T",NA,NA,"EVSAT",NA,"EVSA-T",NA,NA,NA,NA,"breast",NA,NA,NA
"FADU","FADU","FaDu","FADU",NA,NA,NA,"FaDu",NA,NA,NA,NA,"upper_aerodigestive_tract",NA,NA,"FaDu"
"G-292, clone A141B1",NA,"G-292, clone A141B1",NA,NA,NA,NA,NA,NA,NA,NA,"G-292 Clone A141B1","bone",NA,"G-292-Clone-A141B1","G-292,_clone_A141B1"
"G-361","G-361","G-361",NA,NA,NA,NA,"G-361","G361",NA,NA,NA,"skin",NA,NA,NA
"G-401","G-401","G-401","G401",NA,NA,NA,NA,"G401",NA,NA,NA,"soft_tissue",NA,NA,NA
"G-402",NA,"G-402","G402",NA,NA,NA,"G-402",NA,NA,NA,NA,"soft_tissue",NA,NA,NA
"GA-10",NA,"GA-10","GA10",NA,NA,NA,"GA-10",NA,NA,NA,NA,"haematopoietic_and_lymphoid_tissue","ATCC:B lymphocyte (Burkitt's lymphoma)",NA,NA
"GA-10 (Clone 20)","GA-10-Clone-20",NA,NA,NA,NA,NA,NA,NA,NA,NA,"GA-10 (Clone 20)","haematopoietic_and_lymphoid_tissue",NA,NA,NA
"GCT","GCT","GCT","GCT",NA,NA,NA,NA,NA,NA,NA,NA,"soft_tissue",NA,NA,NA
"GDM-1","GDM-1","GDM-1","GDM1",NA,NA,NA,NA,"GDM1",NA,NA,NA,"haematopoietic_and_lymphoid_tissue",NA,NA,NA
"Gp2D","Gp2D","GP2d",NA,NA,NA,NA,"GP2d","GP2D",NA,NA,NA,"large_intestine",NA,NA,"GP2d"
"H4",NA,"H4","H4",NA,NA,NA,NA,NA,NA,NA,NA,"central_nervous_system",NA,NA,NA
"HBL-100",NA,NA,NA,NA,"HBL100",NA,"HBL-100",NA,NA,NA,NA,"breast",NA,NA,NA
"HCC-1171",NA,"HCC-1171",NA,NA,NA,NA,"HCC1171",NA,NA,NA,NA,"lung",NA,NA,NA
"HCC-1195",NA,"HCC-1195",NA,NA,NA,NA,NA,"HCC1195",NA,NA,NA,"lung",NA,NA,NA
"HCC-1359",NA,"HCC-1359",NA,NA,NA,NA,"HCC1359","HCC1359",NA,NA,NA,"lung",NA,NA,NA
"HCC-15",NA,"HCC-15",NA,NA,NA,NA,"HCC-15","HCC15",NA,"HCC15","HCC-15","lung",NA,NA,NA
"HCC-1833",NA,"HCC-1833",NA,NA,NA,NA,NA,"HCC1833",NA,NA,NA,"lung",NA,NA,NA
"HCC-2108",NA,"HCC-2108",NA,NA,NA,NA,NA,"HCC2108",NA,NA,NA,"lung",NA,NA,NA
"HCC-2279",NA,"HCC-2279",NA,NA,NA,NA,"HCC2279",NA,NA,NA,NA,"lung",NA,NA,NA
"HCC-33",NA,"HCC-33",NA,NA,NA,NA,"HCC33","HCC33",NA,NA,NA,"lung",NA,NA,NA
"HCC-366",NA,"HCC-366",NA,NA,NA,NA,"HCC366",NA,NA,NA,NA,"lung",NA,NA,NA
"HCC-44",NA,"HCC-44",NA,NA,NA,NA,"HCC44","HCC44",NA,NA,NA,"lung",NA,NA,NA
"HCC-78",NA,"HCC-78",NA,NA,NA,NA,"HCC78","HCC78",NA,NA,NA,"lung",NA,NA,NA
"HCC1143","HCC1143","HCC1143","HCC1143",NA,"HCC1143",NA,"HCC1143",NA,"HCC1143",NA,NA,"breast",NA,NA,NA
"HCC1395","HCC1395","HCC1395","HCC1395",NA,"HCC1395",NA,"HCC1395",NA,"HCC1395",NA,NA,"breast",NA,NA,NA
"HCC1599","HCC1599","HCC1599","HCC1599",NA,NA,NA,"HCC1599",NA,NA,NA,NA,"breast",NA,NA,NA
"HCC1937","HCC1937","HCC1937","HCC1937",NA,"HCC1937",NA,"HCC1937",NA,NA,NA,NA,"breast",NA,NA,NA
"HCC1954","HCC1954","HCC1954","HCC1954",NA,"HCC1954",NA,"HCC1954",NA,NA,NA,NA,"breast",NA,NA,NA
"HCC2157","HCC2157","HCC2157","HCC2157",NA,NA,NA,"HCC2157",NA,NA,NA,NA,"breast",NA,NA,NA
"HCC2218","HCC2218","HCC2218","HCC2218",NA,NA,NA,"HCC2218",NA,"HCC2218",NA,NA,"breast",NA,NA,NA
"HCC2998","HCC2998",NA,NA,"CO:HCC_2998",NA,NA,NA,NA,"HCC2998",NA,NA,"large_intestine",NA,NA,NA
"HCC38","HCC38","HCC38","HCC38",NA,"HCC38",NA,"HCC38",NA,"HCC38",NA,NA,"breast",NA,NA,NA
"HCC827",NA,"HCC827",NA,NA,NA,NA,"HCC827","HCC827",NA,NA,"HCC-827","lung",NA,"HCC-827",NA
"HCT-116","HCT-116","HCT 116","HCT116","CO:HCT_116",NA,NA,"HCT 116","HCT116",NA,NA,NA,"large_intestine",NA,NA,"HCT_116"
"HCT-15","HCT-15","HCT-15","HCT15","CO:HCT_15",NA,NA,"HCT-15",NA,"HCT15",NA,NA,"large_intestine",NA,NA,NA
"HCT-8",NA,"HCT-8","HCT8",NA,NA,NA,"HCT-8","HCT8",NA,NA,NA,"large_intestine",NA,NA,NA
"HD-MY-Z","HD-MY-Z","HD-MY-Z","HDMYZ",NA,NA,NA,NA,NA,NA,NA,NA,"haematopoietic_and_lymphoid_tissue",NA,NA,NA
"HDQ-P1",NA,"HDQ-P1",NA,NA,"HDQP1",NA,NA,NA,NA,NA,NA,"breast",NA,NA,NA
"HEC-1","HEC-1","HEC-1-B",NA,NA,NA,NA,NA,NA,NA,NA,NA,"endometrium",NA,NA,"HEC-1-B"
"HEC-1-A",NA,"HEC-1-A","HEC1A",NA,NA,NA,"HEC-1-A",NA,"HEC1A",NA,NA,"endometrium",NA,NA,NA
"HEC-108",NA,"HEC-108",NA,NA,NA,NA,NA,"HEC108",NA,NA,NA,"endometrium",NA,NA,NA
"HEC-151",NA,"HEC-151",NA,NA,NA,NA,NA,"HEC151",NA,NA,NA,"endometrium",NA,NA,NA
"HEC-251",NA,"HEC-251",NA,NA,NA,NA,NA,"HEC251",NA,NA,NA,"endometrium",NA,NA,NA
"HEC-265",NA,"HEC-265",NA,NA,NA,NA,NA,"HEC265",NA,NA,NA,"endometrium",NA,NA,NA
"HEC-59",NA,"HEC-59",NA,NA,NA,NA,NA,"HEC59",NA,NA,NA,"endometrium",NA,NA,NA
"HEC-6",NA,"HEC-6",NA,NA,NA,NA,NA,"HEC6",NA,NA,NA,"endometrium",NA,NA,NA
"HEK TE",NA,"HEK TE",NA,NA,NA,NA,NA,NA,NA,"HEKTE",NA,"kidney",NA,NA,NA
"HEL 92.1.7",NA,"HEL 92.1.7","HEL9217",NA,NA,NA,NA,NA,NA,NA,NA,"endometrium","ATCC:uterus/endometrium (adenocarcinoma)",NA,"HEL_92.1.7"
"HeLa",NA,NA,"HELA",NA,NA,NA,"HeLa",NA,NA,NA,"HeLa","cervix",NA,NA,NA
"Hep 3B2.1-7",NA,"Hep 3B2.1-7","HEP3B",NA,NA,NA,NA,NA,NA,NA,NA,"liver","ATCC:Liver (hepatocellular carcinoma)","Hep3B2-1-7","Hep_3B2.1-7"
"Hep G2",NA,"Hep G2","HEPG2",NA,NA,NA,"Hep G2","HEPG2",NA,"HEPG2","Hep G2","liver","ATCC:Liver (hepatocellular carcinoma)",NA,"Hep_G2"
"Hey-A8",NA,"Hey-A8",NA,NA,NA,NA,NA,"HEYA8",NA,NA,NA,"ovary",NA,NA,NA
"HH","HH","HH","HH",NA,NA,NA,NA,NA,NA,NA,NA,"haematopoietic_and_lymphoid_tissue",NA,NA,NA
"HL-60","HL-60","HL-60","HL60","LE:HL_60",NA,NA,"HL-60",NA,NA,"HL60",NA,"haematopoietic_and_lymphoid_tissue",NA,NA,NA
"HMCB",NA,"HMCB","HMCB",NA,NA,NA,NA,NA,NA,NA,NA,"skin",NA,NA,NA
"HMV-II","HMV-II",NA,NA,NA,NA,NA,NA,NA,NA,NA,"HMVII","skin",NA,NA,NA
"HOP-62","HOP-62",NA,"HOP62","LC:HOP_62",NA,NA,"HOP-62",NA,NA,NA,NA,"lung",NA,NA,NA
"HOP-92","HOP-92",NA,"HOP92","LC:HOP_92",NA,NA,"HOP-92",NA,NA,NA,NA,"lung",NA,NA,NA
"HOS","HOS","HOS","HOS",NA,NA,NA,NA,NA,NA,NA,NA,"bone",NA,NA,NA
"HPAC",NA,"HPAC","HPAC",NA,NA,NA,"HPAC","HPAC",NA,NA,NA,"pancreas",NA,NA,NA
"HPAF-II","HPAF-II","HPAF-II","HPAFII",NA,NA,NA,"HPAF-II",NA,NA,NA,NA,"pancreas",NA,NA,NA
"Hs 746T",NA,"Hs 746T","HS746T",NA,NA,NA,"Hs 746T",NA,"HS746T",NA,NA,"stomach",NA,"Hs746T","Hs_746T"
"Hs 852.T",NA,"Hs 852.T",NA,NA,NA,NA,"Hs 852.T","HS852T",NA,NA,NA,"skin",NA,NA,"Hs_852.T"
"Hs 936.T",NA,"Hs 936.T",NA,NA,NA,NA,"Hs 936.T","HS936T",NA,NA,NA,"skin",NA,NA,"Hs_936.T"
"Hs 944.T",NA,"Hs 944.T",NA,NA,NA,NA,NA,"HS944T",NA,NA,NA,"skin",NA,"Hs-944-T","Hs_944.T"
"Hs-578-T","Hs-578-T","Hs 578T",NA,"BR:HS578T","HS578T","HS578T","Hs 578T",NA,NA,"HS578T","Hs 578T","breast",NA,NA,"Hs_578T"
"HS-Sultan",NA,NA,"HSSULTAN",NA,NA,NA,"HS-Sultan",NA,NA,NA,NA,"hematopoietic_and_lymphatic_system",NA,NA,NA
"HSC-2","HSC-2","HSC-2",NA,NA,NA,NA,NA,"HSC2",NA,NA,NA,"upper_aerodigestive_tract",NA,NA,NA
"HT","HT","HT","HT",NA,NA,NA,"HT","HT",NA,NA,NA,"haematopoietic_and_lymphoid_tissue",NA,NA,NA
"HT-1080","HT-1080","HT-1080","HT1080",NA,NA,NA,"HT-1080","HT1080",NA,NA,"HT 1080","soft_tissue",NA,NA,NA
"HT-115",NA,"HT115",NA,NA,NA,NA,"HT-115","HT115",NA,NA,NA,"large_intestine",NA,NA,"HT115"
"HT-1197","HT-1197","HT-1197","HT1197",NA,NA,NA,NA,NA,NA,NA,NA,"urinary_tract",NA,NA,NA
"HT-1376","HT-1376","HT-1376","HT1376",NA,NA,NA,NA,"HT1376",NA,NA,"HT 1376","urinary_tract",NA,NA,NA
"HT-29","HT-29","HT-29","HT29","CO:HT29",NA,NA,"HT-29","HT29",NA,"HT29",NA,"large_intestine",NA,NA,NA
"HT-3","HT-3",NA,"HT3",NA,NA,NA,NA,NA,NA,NA,NA,"cervix",NA,NA,NA
"HT55","HT55","HT55",NA,NA,NA,NA,"HT-55","HT55",NA,NA,NA,"large_intestine",NA,NA,NA
"HuH-28","HuH-28","HuH28",NA,NA,NA,NA,NA,NA,NA,NA,NA,"biliary_tract",NA,NA,NA
"HUH-6-clone5","HUH-6-clone5","HuH-6",NA,NA,NA,NA,NA,NA,NA,NA,NA,"liver",NA,NA,"HuH-6"
"HuH-7","HuH-7","HuH-7",NA,NA,NA,NA,"HuH-7",NA,NA,"HUH7","Huh7","liver",NA,NA,NA
"HuNS1","HuNS1","HuNS1","HUNS1",NA,NA,NA,NA,NA,NA,NA,NA,"haematopoietic_and_lymphoid_tissue",NA,NA,NA
"HuP-T3","HuP-T3","HUP-T3",NA,NA,NA,NA,"HUP-T3",NA,NA,NA,NA,"pancreas",NA,NA,"HUP-T3"
"HuP-T4","HuP-T4","HUP-T4","HUPT4",NA,NA,NA,"HUP-T4","HUPT4",NA,NA,NA,"pancreas",NA,NA,"HUP-T4"
"HuT 78",NA,"HuT 78","HUT78",NA,NA,NA,NA,NA,NA,NA,NA,"haematopoietic_and_lymphoid_tissue","ATCC:cutaneous T lymphocyte (Sezary Syndrome)",NA,"HuT_78"
"HUTU-80","HUTU-80","HuTu 80",NA,NA,NA,NA,NA,NA,NA,NA,NA,"small_intestine",NA,NA,"HuTu_80"
"IGROV-1","IGROV-1","IGROV1","IGROV1","OV:IGROV1",NA,NA,"IGROV-1","IGROV1",NA,NA,NA,"ovary",NA,NA,"IGROV1"
"IM-95",NA,"IM95",NA,NA,NA,NA,"IM-95",NA,NA,NA,"IM-95","stomach",NA,NA,"IM95"
"Ishikawa (Heraklio) 02 ER-",NA,"Ishikawa (Heraklio) 02 ER-",NA,NA,NA,NA,NA,"ISHIKAWAHERAKLIO02ER",NA,NA,NA,"endometrium",NA,"Ishikawa_Heraklio_02ER-","Ishikawa__Heraklio__02_ER-"
"J-RT3-T3-5","J-RT3-T3-5",NA,"JRT3T35",NA,NA,NA,NA,NA,NA,NA,NA,"haematopoietic_and_lymphoid_tissue",NA,NA,NA
"J82","J82","J82","J82",NA,NA,NA,NA,NA,NA,NA,NA,"urinary_tract",NA,NA,NA
"JAR","JAR",NA,"JAR",NA,NA,NA,NA,NA,NA,NA,NA,"testis",NA,NA,NA
"JEG-3","JEG-3",NA,"JEG3",NA,NA,NA,NA,NA,NA,NA,NA,"placenta",NA,NA,NA
"JeKo-1",NA,"JeKo-1",NA,NA,NA,NA,"JEKO-1",NA,NA,NA,NA,"haematopoietic_and_lymphoid_tissue",NA,"JEKO-1",NA
"JHH-6",NA,"JHH-6",NA,NA,NA,NA,NA,"JHH6",NA,NA,NA,"liver",NA,NA,NA
"JHOC-5",NA,"JHOC-5",NA,NA,NA,NA,NA,"JHOC5",NA,NA,NA,"ovary",NA,NA,NA
"JHOM-1",NA,"JHOM-1",NA,NA,NA,NA,NA,"JHOM1",NA,NA,NA,"ovary",NA,NA,NA
"JHOS-4",NA,"JHOS-4",NA,NA,NA,NA,NA,"JHOS4",NA,NA,NA,"ovary",NA,NA,NA
"JHUEM-2",NA,"JHUEM-2",NA,NA,NA,NA,NA,"JHUEM2",NA,"JHUEM2",NA,"endometrium",NA,NA,NA
"JIMT-1",NA,"JIMT-1",NA,NA,"JIMT1",NA,NA,NA,NA,NA,NA,"breast",NA,NA,NA
"JiyoyeP-2003","JiyoyeP-2003",NA,"JIYOYE",NA,NA,NA,NA,NA,NA,NA,"Jiyoye","haematopoietic_and_lymphoid_tissue",NA,NA,NA
"JM1",NA,"JM1","JM1",NA,NA,NA,NA,NA,NA,NA,NA,"haematopoietic_and_lymphoid_tissue","ATCC: pre-B lymphoblast (B cell lymphoma)",NA,NA
"Jurkat, Clone E6-1",NA,"JURKAT",NA,NA,NA,NA,"Jurkat, Clone E6-1",NA,NA,"JURKAT","Jurkat, Clone E6-1","haematopoietic_and_lymphoid_tissue",NA,NA,"JURKAT"
"JVM-3","JVM-3","JVM-3","JVM3",NA,NA,NA,NA,NA,NA,NA,NA,"haematopoietic_and_lymphoid_tissue",NA,NA,NA
"K-562",NA,"K-562","K562","LE:K_562",NA,NA,"K-562",NA,NA,NA,NA,"haematopoietic_and_lymphoid_tissue",NA,NA,NA
"K052","K052","KO52",NA,NA,NA,NA,NA,NA,NA,NA,NA,"haematopoietic_and_lymphoid_tissue",NA,NA,NA
"KASUMI-1","KASUMI-1","KASUMI-1",NA,NA,NA,NA,"Kasumi-1",NA,NA,NA,NA,"haematopoietic_and_lymphoid_tissue",NA,NA,NA
"KASUMI-2",NA,"KASUMI-2","KASUMI2",NA,NA,NA,NA,NA,NA,NA,NA,"haematopoietic_and_lymphoid_tissue",NA,NA,NA
"KATOIII","KATOIII","KATO III","KATOIII",NA,NA,NA,"KATO III",NA,NA,NA,NA,"stomach",NA,NA,"KATO_III"
"KE-97",NA,"KE-97",NA,NA,NA,NA,NA,"KE97",NA,NA,NA,"haematopoietic_and_lymphoid_tissue",NA,NA,NA
"KG-1",NA,"KG-1","KG1",NA,NA,NA,"KG-1",NA,NA,NA,NA,"haematopoietic_and_lymphoid_tissue",NA,NA,NA
"KHOS-240S",NA,NA,"KHOS240S",NA,NA,NA,NA,NA,NA,NA,"KHOS-240S","bone",NA,NA,NA
"KLE",NA,"KLE","KLE",NA,NA,NA,"KLE","KLE",NA,NA,NA,"endometrium",NA,NA,NA
"KM12","KM12","KM12","KM12","CO:KM12",NA,NA,"KM-12","KM12",NA,NA,NA,"large_intestine",NA,NA,NA
"KMBC-2",NA,"KMBC-2",NA,NA,NA,NA,NA,"KMBC2",NA,NA,NA,"urinary_tract",NA,NA,NA
"KMS-11",NA,"KMS-11",NA,NA,NA,NA,"KMS-11","KMS11",NA,NA,NA,"haematopoietic_and_lymphoid_tissue",NA,NA,NA
"KNS-62","KNS-62","KNS-62",NA,NA,NA,NA,"KNS-62","KNS62",NA,NA,NA,"lung",NA,NA,NA
"KNS-81-FD","KNS-81-FD","KNS-81",NA,NA,NA,NA,NA,NA,NA,NA,NA,"central_nervous_system",NA,NA,"KNS-81"
"KP-3",NA,"KP-3",NA,NA,NA,NA,"KP-3","KP3",NA,NA,NA,"pancreas",NA,NA,NA
"KP-4","KP-4","KP4",NA,NA,NA,NA,"KP4",NA,NA,NA,NA,"pancreas",NA,NA,"KP4"
"KP-N-S19s","KP-N-S19s","KP-N-SI9s",NA,NA,NA,NA,NA,NA,NA,NA,NA,"autonomic_ganglia",NA,NA,"KP-N-SI9s"
"KPL-1",NA,"KPL-1","KPL1",NA,NA,NA,"KPL-1",NA,NA,NA,NA,"breast","Edited",NA,NA
"KU812",NA,"KU812","KU812",NA,NA,NA,"KU812","KU812",NA,NA,NA,"haematopoietic_and_lymphoid_tissue",NA,NA,NA
"KYSE-140","KYSE-140","KYSE-140",NA,NA,NA,NA,"KYSE-140","KYSE140",NA,NA,NA,"oesophagus",NA,NA,NA
"KYSE-30",NA,"KYSE-30","KYSE30",NA,NA,NA,"KYSE-30",NA,NA,NA,NA,"oesophagus",NA,NA,NA
"KYSE-410","KYSE-410","KYSE-410",NA,NA,NA,NA,NA,"KYSE410",NA,NA,NA,"oesophagus",NA,NA,NA
"KYSE-450","KYSE-450","KYSE-450",NA,NA,NA,NA,"KYSE-450","KYSE450",NA,NA,NA,"oesophagus",NA,NA,NA
"L-428","L-428","L-428","L428",NA,NA,NA,NA,NA,NA,NA,NA,"haematopoietic_and_lymphoid_tissue",NA,NA,NA
"LC-1/sq-SF",NA,"LC-1/sq-SF",NA,NA,NA,NA,NA,"LC1SQSF",NA,NA,"LC-1 sq","lung",NA,NA,NA
"LCLC-103H","LCLC-103H","LCLC-103H",NA,NA,NA,NA,"LCLC-103H","LCLC103H",NA,NA,NA,"lung",NA,NA,NA
"LCLC-97TM1","LCLC-97TM1","LCLC-97TM1",NA,NA,NA,NA,"LCLC-97TM1","LCLC97TM1",NA,NA,NA,"lung",NA,NA,NA
"LN-229",NA,"LN-229",NA,NA,NA,NA,"LN-229","LN229",NA,NA,NA,"central_nervous_system",NA,NA,NA
"LNCaP-Clone-FGC","LNCaP-Clone-FGC","LNCaP clone FGC","LNCAP",NA,NA,NA,NA,NA,NA,NA,"LNCaP","prostate",NA,NA,"LNCaP_clone_FGC"
"LOUCY","LOUCY","Loucy",NA,NA,NA,NA,NA,NA,NA,NA,"Loucy","haematopoietic_and_lymphoid_tissue",NA,NA,"Loucy"
"LoVo","LoVo","LoVo",NA,NA,NA,NA,"LoVo","LOVO",NA,"LOVO",NA,"large_intestine",NA,NA,NA
"LOXIMVI","LOXIMVI","LOX IMVI","LOXIMVI","ME:LOXIMVI",NA,NA,"LOX-IMVI",NA,NA,NA,NA,"haematopoietic_and_lymphoid_tissue",NA,NA,"LOX_IMVI"
"LP-1","LP-1","LP-1",NA,NA,NA,NA,"LP-1","LP1",NA,NA,NA,"haematopoietic_and_lymphoid_tissue",NA,NA,NA
"LS 180",NA,"LS 180",NA,NA,NA,NA,"LS 180","LS180",NA,NA,NA,"large_intestine",NA,"LS-180","LS_180"
"LS-1034","LS-1034","LS1034","LS1034",NA,NA,NA,"LS1034",NA,NA,NA,NA,"large_intestine",NA,NA,"LS1034"
"LS-123","LS-123","LS123",NA,NA,NA,NA,NA,"LS123",NA,NA,NA,"large_intestine",NA,NA,"LS123"
"LS-174T","LS-174T",NA,"LS174T",NA,NA,NA,"LS 174T",NA,NA,NA,"LS174T","large_intestine",NA,NA,NA
"LS-411N","LS-411N","LS411N",NA,NA,NA,NA,NA,"LS411N",NA,NA,NA,"large_intestine",NA,NA,"LS411N"
"LS-513","LS-513","LS513",NA,NA,NA,NA,NA,"LS513",NA,NA,NA,"large_intestine",NA,NA,"LS513"
"LU-135","LU-135",NA,NA,NA,NA,NA,NA,NA,NA,NA,"Lu-135","lung",NA,NA,NA
"LU-165","LU-165",NA,NA,NA,NA,NA,NA,NA,NA,NA,"LU-165","lung",NA,NA,NA
"LU-65","LU-65","LU65",NA,NA,NA,NA,NA,"LU65",NA,NA,NA,"lung",NA,NA,"LU65"
"LU-99A","LU-99A","LU99",NA,NA,NA,NA,NA,"LU99",NA,NA,"LU99A","lung",NA,NA,"LU99"
"LXF-289","LXF-289","LXF-289",NA,NA,NA,NA,"LXF-289","LXF289",NA,NA,NA,"lung",NA,NA,NA
"M14","M14",NA,NA,"ME:M14",NA,NA,NA,NA,"M14",NA,NA,"skin",NA,NA,NA
"Malme-3M","Malme-3M","Malme-3M","MALME3M","ME:MALME_3M",NA,NA,NA,NA,NA,NA,NA,"skin",NA,NA,NA
"MB 157",NA,"MB 157",NA,NA,"MB157",NA,NA,NA,NA,NA,NA,"breast",NA,NA,NA
"MC-CAR","MC-CAR",NA,"MCCAR",NA,NA,NA,NA,NA,NA,NA,"MC/CAR","haematopoietic_and_lymphoid_tissue",NA,NA,NA
"MC-IXC","MC-IXC",NA,"MCIXC",NA,NA,NA,NA,NA,NA,NA,NA,"autonomic_ganglia",NA,NA,NA
"MC116",NA,"MC116","MC116",NA,NA,NA,"MC116","MC116",NA,NA,NA,"haematopoietic_and_lymphoid_tissue",NA,NA,NA
"MCF 10F",NA,NA,NA,NA,NA,"MCF10F",NA,NA,NA,NA,"MCF 10F","breast",NA,NA,NA
"MCF10A",NA,NA,"MCF10A",NA,"MCF10A","MCF10A","MCF 10A",NA,NA,"MCF10A","MCF 10A","breast",NA,NA,NA
"MCF7","MCF7","MCF7","MCF7","BR:MCF7",NA,"MCF7","MCF-7","MCF7",NA,NA,NA,"breast",NA,NA,NA
"MDA-MB-134-VI","MDA-MB-134-VI","MDA-MB-134-VI",NA,NA,"MDAMB134VI","MDAMB134VI","MDA-MB-134-VI",NA,NA,NA,NA,"breast",NA,NA,NA
"MDA-MB-157","MDA-MB-157","MDA-MB-157",NA,NA,"MDAMB157","MDAMB157","MDA-MB-157",NA,"MDAMB157",NA,NA,"breast",NA,NA,NA
"MDA-MB-175-VII","MDA-MB-175-VII","MDA-MB-175-VII","MDAMB175VII",NA,"MDAMB175VII","MDAMB175VII","MDA-MB-175-VII",NA,"MDAMB175",NA,NA,"breast",NA,NA,NA
"MDA-MB-231","MDA-MB-231","MDA-MB-231","MDAMB231","BR:MDA_MB_231","MDAMB231","MDAMB231","MDA-MB-231",NA,"MDAMB231","MDAMB231",NA,"breast",NA,NA,NA
"MDA-MB-361","MDA-MB-361","MDA-MB-361",NA,NA,"MDAMB361","MDAMB361","MDA-MB-361",NA,NA,NA,NA,"breast",NA,NA,NA
"MDA-MB-415","MDA-MB-415","MDA-MB-415",NA,NA,"MDAMB415","MDAMB415","MDA-MB-415",NA,"MDAMB415",NA,NA,"breast",NA,NA,NA
"MDA-MB-435","MDA-MB-435","MDA-MB-435S","MDAMB435","ME:MDA_MB_435",NA,NA,"MDA-MB-435",NA,"MDA435",NA,"MDA-MB-435S","skin","Currently people are debating whether or not this cell line is breast or skin. However the common view is that it is skin. Furthermore 435S is considered as a subline of the 435 ",NA,"MDA-MB-435S"
"MDA-MB-436",NA,"MDA-MB-436",NA,NA,"MDAMB436","MDAMB436","MDA-MB-436",NA,"MDAMB436",NA,NA,"breast",NA,NA,NA
"MDA-MB-453","MDA-MB-453","MDA-MB-453","MDAMB453",NA,"MDAMB453","MDAMB453","MDA-MB-453",NA,"MDAMB453",NA,NA,"breast",NA,NA,NA
"MDA-MB-468","MDA-MB-468","MDA-MB-468","MDAMB468",NA,"MDAMB468","MDAMB468","MDA-MB-468",NA,NA,NA,NA,"breast",NA,NA,NA
"MDA-N",NA,NA,NA,"ME:MDA_N",NA,NA,NA,NA,NA,NA,NA,"haematopoietic_and_lymphoid_tissue",NA,NA,NA
"MEC-1",NA,"MEC-1","MEC1",NA,NA,NA,NA,NA,NA,NA,NA,"haematopoietic_and_lymphoid_tissue","Literature:http://www.ncbi.nlm.nih.gov/pubmed/10071128 ",NA,NA
"MEG-01","MEG-01","MEG-01","MEG01",NA,NA,NA,NA,NA,NA,NA,NA,"haematopoietic_and_lymphoid_tissue",NA,NA,NA
"MES-SA","MES-SA","MES-SA","MESSA",NA,NA,NA,NA,NA,NA,NA,NA,"endometrium",NA,NA,NA
"Mewo","Mewo","MeWo",NA,NA,NA,NA,"MeWo",NA,NA,NA,NA,"skin",NA,NA,"MeWo"
"MFE-319",NA,"MFE-319",NA,NA,NA,NA,NA,"MFE319",NA,NA,NA,"endometrium",NA,NA,NA
"MFM-223","MFM-223",NA,NA,NA,"MFM223",NA,"MFM-223",NA,NA,NA,NA,"breast",NA,NA,NA
"MG-63","MG-63","MG-63","MG63",NA,NA,NA,"MG-63",NA,NA,NA,NA,"bone",NA,NA,NA
"MHH-PREB-1","MHH-PREB-1",NA,"MHHPREB1",NA,NA,NA,"MHH-PREB-1",NA,NA,NA,NA,"haematopoietic_and_lymphoid_tissue",NA,NA,NA
"MIA-PaCa-2","MIA-PaCa-2","MIA PaCa-2","MIAPACA2",NA,NA,NA,"MIA Paca-2",NA,NA,NA,NA,"pancreas",NA,NA,"MIA_PaCa-2"
"MJ","MJ","MJ","MJ",NA,NA,NA,NA,NA,NA,NA,NA,"haematopoietic_and_lymphoid_tissue",NA,NA,NA
"MKN1","MKN1","MKN1",NA,NA,NA,NA,"MKN-1",NA,NA,NA,NA,"stomach",NA,NA,NA
"MKN45","MKN45","MKN-45",NA,NA,NA,NA,"MKN-45",NA,NA,NA,NA,"stomach",NA,NA,"MKN-45"
"MKN7","MKN7","MKN7",NA,NA,NA,NA,"MKN-7","MKN7",NA,NA,NA,"stomach",NA,NA,NA
"MKN74",NA,"MKN74",NA,NA,NA,NA,"MKN-74","MKN74",NA,NA,NA,"stomach",NA,NA,NA
"ML-2","ML-2",NA,"ML2",NA,NA,NA,"ML-2",NA,NA,NA,NA,"haematopoietic_and_lymphoid_tissue",NA,NA,NA
"MM1-S",NA,"MM1-S",NA,NA,NA,NA,"MM.1S",NA,NA,NA,NA,"haematopoietic_and_lymphoid_tissue",NA,"MM1S",NA
"MOLM-16",NA,"MOLM-16",NA,NA,NA,NA,"MOLM-16","MOLM16",NA,NA,NA,"haematopoietic_and_lymphoid_tissue",NA,NA,NA
"MOLT-16","MOLT-16","MOLT-16","MOLT16",NA,NA,NA,NA,NA,NA,NA,NA,"haematopoietic_and_lymphoid_tissue",NA,NA,NA
"MOLT-4","MOLT-4","MOLT-4","MOLT4","LE:MOLT_4",NA,NA,NA,NA,NA,NA,NA,"haematopoietic_and_lymphoid_tissue",NA,NA,NA
"MPP-89","MPP-89","MPP 89",NA,NA,NA,NA,NA,NA,NA,NA,NA,"pleura",NA,NA,"MPP_89"
"MSTO-211H","MSTO-211H","MSTO-211H",NA,NA,NA,NA,NA,"MSTO211H",NA,NA,NA,"pleura",NA,NA,NA
"MT3",NA,NA,"MT3",NA,NA,NA,"MT-3",NA,NA,NA,"MT-3","breast",NA,NA,NA
"MV-4-11",NA,"MV-4-11","MV411",NA,NA,NA,"MV-4-11",NA,NA,NA,NA,"haematopoietic_and_lymphoid_tissue",NA,NA,NA
"MX-1",NA,NA,"MX1",NA,"MX1",NA,"MX-1",NA,NA,NA,NA,"breast",NA,NA,NA
"NALM-1","NALM-1","NALM-1","NALM1",NA,NA,NA,NA,NA,NA,NA,NA,"haematopoietic_and_lymphoid_tissue",NA,NA,NA
"NALM-6","NALM-6","NALM-6","NALM6",NA,NA,NA,"NALM-6",NA,NA,NA,NA,"haematopoietic_and_lymphoid_tissue",NA,NA,NA
"NAMALWA",NA,"NAMALWA","NAMALWA",NA,NA,NA,"NAMALWA",NA,NA,NA,NA,"haematopoietic_and_lymphoid_tissue",NA,NA,NA
"NB1","NB1","NB-1",NA,NA,NA,NA,NA,NA,NA,NA,"NB-1","autonomic_ganglia",NA,NA,"NB-1"
"NB4","NB4","NB-4",NA,NA,NA,NA,NA,NA,NA,NA,NA,"haematopoietic_and_lymphoid_tissue",NA,NA,"NB-4"
"NC37",NA,NA,"NC37",NA,NA,NA,NA,NA,NA,NA,"NC-37","hematopoietic_and_lymphatic_system",NA,NA,NA
"NCC-IT-A3","NCCIT",NA,NA,NA,NA,NA,NA,NA,NA,NA,"NCC-IT-A3","testis",NA,NA,NA
"NCI-ADR-RES","NCI-ADR-RES",NA,"NCIADRRES","OV:NCI_ADR_RES",NA,NA,NA,NA,"NCIADRRES",NA,NA,"ovary",NA,NA,NA
"NCI-H1048","NCI-H1048","NCI-H1048","NCIH1048",NA,NA,NA,"NCI-H1048","NCIH1048",NA,NA,NA,"lung",NA,NA,NA
"NCI-H1092","NCI-H1092","NCI-H1092","NCIH1092",NA,NA,NA,"NCI-H1092",NA,NA,NA,NA,"lung",NA,NA,NA
"NCI-H1105","NCI-H1105","NCI-H1105",NA,NA,NA,NA,NA,"NCIH1105",NA,NA,NA,"lung",NA,NA,NA
"NCI-H1155","NCI-H1155","NCI-H1155","NCIH1155",NA,NA,NA,"NCI-H1155",NA,NA,NA,NA,"lung",NA,NA,NA
"NCI-H1299","NCI-H1299","NCI-H1299","NCIH1299",NA,NA,NA,"NCI-H1299","NCIH1299","NCIH1299",NA,NA,"lung",NA,NA,NA
"NCI-H1355","NCI-H1355","NCI-H1355","NCIH1355",NA,NA,NA,"NCI-H1355","NCIH1355","NCIH1355",NA,NA,"lung",NA,NA,NA
"NCI-H1373",NA,"NCI-H1373",NA,NA,NA,NA,"NCI-H1373","NCIH1373",NA,NA,NA,"lung",NA,NA,NA
"NCI-H1395","NCI-H1395","NCI-H1395","NCIH1395",NA,NA,NA,"NCI-H1395",NA,"NCIH1395",NA,NA,"lung",NA,NA,NA
"NCI-H1435",NA,"NCI-H1435",NA,NA,NA,NA,"NCI-H1435","NCIH1435",NA,NA,NA,"lung",NA,NA,NA
"NCI-H1436","NCI-H1436","NCI-H1436","NCIH1436",NA,NA,NA,NA,NA,NA,NA,NA,"lung",NA,NA,NA
"NCI-H1437","NCI-H1437","NCI-H1437","NCIH1437",NA,NA,NA,"NCI-H1437","NCIH1437",NA,NA,NA,"lung",NA,NA,NA
"NCI-H146","NCI-H146","NCI-H146","NCIH146",NA,NA,NA,"NCI-H146",NA,"NCIH146",NA,NA,"lung",NA,NA,NA
"NCI-H1563","NCI-H1563","NCI-H1563","NCIH1563",NA,NA,NA,NA,NA,NA,NA,NA,"lung",NA,NA,NA
"NCI-H1568",NA,"NCI-H1568",NA,NA,NA,NA,"NCI-H1568","NCIH1568",NA,NA,NA,"lung",NA,NA,NA
"NCI-H157","NCI-H157",NA,"NCIH157",NA,NA,NA,NA,NA,NA,NA,NA,"lung",NA,NA,NA
"NCI-H1573","NCI-H1573","NCI-H1573","NCIH1573",NA,NA,NA,"NCI-H1573","NCIH1573",NA,NA,NA,"lung",NA,NA,NA
"NCI-H1581",NA,"NCI-H1581","NCIH1581",NA,NA,NA,"NCI-H1581",NA,"NCIH1581",NA,NA,"lung",NA,NA,NA
"NCI-H1618","NCI-H1618","NCI-H1618","NCIH1618",NA,NA,NA,NA,NA,NA,NA,NA,"lung",NA,NA,NA
"NCI-H1623",NA,"NCI-H1623","NCIH1623",NA,NA,NA,"NCI-H1623",NA,NA,NA,NA,"lung",NA,NA,NA
"NCI-H1650","NCI-H1650","NCI-H1650","NCIH1650",NA,NA,NA,"NCI-H1650",NA,"NCIH1650",NA,NA,"lung",NA,NA,NA
"NCI-H1651","NCI-H1651","NCI-H1651","NCIH1651",NA,NA,NA,"NCI-H1651",NA,"NCIH1651",NA,NA,"lung",NA,NA,NA
"NCI-H1666","NCI-H1666","NCI-H1666","NCIH1666",NA,NA,NA,"NCI-H1666","NCIH1666","NCIH1666",NA,NA,"lung",NA,NA,NA
"NCI-H1694",NA,"NCI-H1694","NCIH1694",NA,NA,NA,NA,"NCIH1694",NA,"NCIH1694",NA,"lung",NA,NA,NA
"NCI-H1703","NCI-H1703","NCI-H1703","NCIH1703",NA,NA,NA,"NCI-H1703",NA,"NCIH1703",NA,NA,"lung",NA,NA,NA
"NCI-H1755","NCI-H1755","NCI-H1755",NA,NA,NA,NA,NA,"NCIH1755",NA,NA,NA,"lung",NA,NA,NA
"NCI-H1770","NCI-H1770",NA,"NCIH1770",NA,NA,NA,"NCI-H1770",NA,"NCIH1770",NA,NA,"lung",NA,NA,NA
"NCI-H1781",NA,"NCI-H1781",NA,NA,NA,NA,"NCI-H1781","NCIH1781",NA,NA,NA,"lung",NA,NA,NA
"NCI-H1792","NCI-H1792","NCI-H1792","NCIH1792",NA,NA,NA,"NCI-H1792","NCIH1792",NA,NA,NA,"lung",NA,NA,NA
"NCI-H1793","NCI-H1793","NCI-H1793","NCIH1793",NA,NA,NA,"NCI-H1793","NCIH1793",NA,NA,NA,"lung",NA,NA,NA
"NCI-H1836",NA,"NCI-H1836",NA,NA,NA,NA,NA,"NCIH1836",NA,"NCIH1836","NCI-H1836","lung",NA,NA,NA
"NCI-H1838","NCI-H1838","NCI-H1838","NCIH1838",NA,NA,NA,"NCI-H1838",NA,NA,NA,NA,"lung",NA,NA,NA
"NCI-H187","NCI-H187",NA,"NCIH187",NA,NA,NA,"NCI-H187",NA,"NCIH187",NA,NA,"lung",NA,NA,NA
"NCI-H1876",NA,"NCI-H1876",NA,NA,NA,NA,NA,"NCIH1876",NA,NA,NA,"lung",NA,NA,NA
"NCI-H1915",NA,"NCI-H1915",NA,NA,NA,NA,"NCI-H1915","NCIH1915",NA,NA,NA,"lung",NA,NA,NA
"NCI-H1930","NCI-H1930","NCI-H1930","NCIH1930",NA,NA,NA,"NCI-H1930","NCIH1930",NA,NA,NA,"lung",NA,NA,NA
"NCI-H1944",NA,"NCI-H1944",NA,NA,NA,NA,"NCI-H1944","NCIH1944",NA,NA,NA,"lung",NA,NA,NA
"NCI-H1963","NCI-H1963","NCI-H1963",NA,NA,NA,NA,NA,"NCIH1963",NA,NA,NA,"lung",NA,NA,NA
"NCI-H1975","NCI-H1975","NCI-H1975","NCIH1975",NA,NA,NA,"NCI-H1975","NCIH1975",NA,NA,NA,"lung",NA,NA,NA
"NCI-H1993","NCI-H1993",NA,"NCIH1993",NA,NA,NA,NA,NA,"NCIH1993",NA,NA,"lung",NA,NA,NA
"NCI-H2009","NCI-H2009","NCI-H2009","NCIH2009",NA,NA,NA,"NCI-H2009","NCIH2009",NA,NA,NA,"lung",NA,NA,NA
"NCI-H2023",NA,"NCI-H2023",NA,NA,NA,NA,"NCI-H2023","NCIH2023",NA,NA,NA,"lung",NA,NA,NA
"NCI-H2029","NCI-H2029","NCI-H2029",NA,NA,NA,NA,NA,"NCIH2029",NA,NA,NA,"lung",NA,NA,NA
"NCI-H2030","NCI-H2030","NCI-H2030","NCIH2030",NA,NA,NA,"NCI-H2030","NCIH2030",NA,NA,NA,"lung",NA,NA,NA
"NCI-H2052","NCI-H2052","NCI-H2052","NCIH2052",NA,NA,NA,"NCI-H2052","NCIH2052",NA,NA,NA,"pleura",NA,NA,NA
"NCI-H2073",NA,"NCI-H2073",NA,NA,NA,NA,"NCI-H2073","NCIH2073",NA,"NCIH2073","NCI-H2073","lung",NA,NA,NA
"NCI-H2081","NCI-H2081","NCI-H2081","NCIH2081",NA,NA,NA,"NCI-H2081","NCIH2081",NA,NA,NA,"lung",NA,NA,NA
"NCI-H2087","NCI-H2087","NCI-H2087","NCIH2087",NA,NA,NA,NA,NA,NA,NA,NA,"lung",NA,NA,NA
"NCI-H209","NCI-H209","NCI-H209","NCIH209",NA,NA,NA,"NCI-H209",NA,"NCIH209",NA,NA,"lung",NA,NA,NA
"NCI-H2107","NCI-H2107",NA,"NCIH2107",NA,NA,NA,NA,NA,"NCIH2107",NA,NA,"lung",NA,NA,NA
"NCI-H2110",NA,"NCI-H2110",NA,NA,NA,NA,"NCI-H2110","NCIH2110",NA,NA,NA,"lung",NA,NA,NA
"NCI-H2122",NA,"NCI-H2122","NCIH2122",NA,NA,NA,"NCI-H2122","NCIH2122",NA,NA,NA,"lung",NA,NA,NA
"NCI-H2126","NCI-H2126","NCI-H2126","NCIH2126",NA,NA,NA,"NCI-H2126","NCIH2126",NA,NA,NA,"lung",NA,NA,NA
"NCI-H2141","NCI-H2141","NCI-H2141",NA,NA,NA,NA,NA,"NCIH2141",NA,NA,NA,"lung",NA,NA,NA
"NCI-H2170","NCI-H2170","NCI-H2170","NCIH2170",NA,NA,NA,"NCI-H2170",NA,"NCIH2170",NA,NA,"lung",NA,NA,NA
"NCI-H2171","NCI-H2171","NCI-H2171","NCIH2171",NA,NA,NA,"NCI-H2171",NA,NA,NA,NA,"lung",NA,NA,NA
"NCI-H2172",NA,"NCI-H2172",NA,NA,NA,NA,"NCI-H2172","NCIH2172",NA,NA,NA,"lung",NA,NA,NA
"NCI-H2196","NCI-H2196","NCI-H2196","NCIH2195",NA,NA,NA,"NCI-H2196",NA,NA,NA,NA,"lung",NA,NA,NA
"NCI-H2228","NCI-H2228","NCI-H2228","NCIH2228",NA,NA,NA,"NCI-H2228",NA,NA,NA,NA,"lung",NA,NA,NA
"NCI-H226","NCI-H226","NCI-H226","NCIH226","LC:NCI_H226",NA,NA,"NCI-H226",NA,"NCIH226",NA,NA,"lung",NA,NA,NA
"NCI-H2286",NA,"NCI-H2286",NA,NA,NA,NA,NA,"NCIH2286",NA,NA,NA,"lung",NA,NA,NA
"NCI-H23","NCI-H23","NCI-H23","NCIH23","LC:NCI_H23",NA,NA,"NCI-H23","NCIH23","NCIH23",NA,NA,"lung",NA,NA,NA
"NCI-H2342","NCI-H2342","NCI-H2342",NA,NA,NA,NA,NA,"NCIH2342",NA,NA,NA,"lung",NA,NA,NA
"NCI-H2347","NCI-H2347","NCI-H2347","NCIH2347",NA,NA,NA,"NCI-H2347",NA,"NCIH2347",NA,NA,"lung",NA,NA,NA
"NCI-H2405","NCI-H2405","NCI-H2405","NCIH2405",NA,NA,NA,NA,"NCIH2405","NCIH2405",NA,NA,"lung",NA,NA,NA
"NCI-H28","NCI-H28","NCI-H28",NA,NA,NA,NA,"NCI-H28","NCIH28",NA,NA,NA,"pleura",NA,NA,NA
"NCI-H292","NCI-H292","NCI-H292","NCIH292",NA,NA,NA,"NCI-H292",NA,NA,NA,NA,"lung",NA,NA,NA
"NCI-H295","NCI-H295",NA,"NCIH295R",NA,NA,NA,NA,NA,NA,NA,NA,"adrenal_gland",NA,NA,NA
"NCI-H322",NA,"NCI-H322","NCIH322","LC:NCI_H322M",NA,NA,NA,NA,NA,NA,NA,"lung",NA,NA,NA
"NCI-H3255",NA,"NCI-H3255",NA,NA,NA,NA,NA,"NCIH3255",NA,NA,NA,"lung",NA,NA,NA
"NCI-H358","NCI-H358","NCI-H358","NCIH358",NA,NA,NA,"NCI-H358","NCIH358","NCIH358",NA,NA,"lung",NA,NA,NA
"NCI-H441","NCI-H441","NCI-H441","NCIH441",NA,NA,NA,"NCI-H441","NCIH441","NCIH441",NA,NA,"lung",NA,NA,NA
"NCI-H446","NCI-H446","NCI-H446","NCIH446",NA,NA,NA,"NCI-H446",NA,NA,NA,NA,"lung",NA,NA,NA
"NCI-H460","NCI-H460","NCI-H460","NCIH460","LC:NCI_H460",NA,NA,"NCI-H460","NCIH460","NCIH460",NA,NA,"lung",NA,NA,NA
"NCI-H508","NCI-H508","NCI-H508","NCIH508",NA,NA,NA,NA,"NCIH508",NA,"NCIH508",NA,"large_intestine",NA,NA,NA
"NCI-H510A","NCI-H510A","NCI-H510",NA,NA,NA,NA,"NCI-H510A",NA,NA,NA,NA,"lung",NA,NA,"NCI-H510"
"NCI-H520","NCI-H520","NCI-H520","NCIH520",NA,NA,NA,"NCI-H520",NA,"NCIH520",NA,NA,"lung",NA,NA,NA
"NCI-H522","NCI-H522","NCI-H522","NCIH522","LC:NCI_H522",NA,NA,"NCI-H522","NCIH522",NA,NA,NA,"lung",NA,NA,NA
"NCI-H524","NCI-H524","NCI-H524","NCIH524",NA,NA,NA,NA,NA,NA,NA,NA,"lung",NA,NA,NA
"NCI-H526","NCI-H526","NCI-H526","NCIH526",NA,NA,NA,NA,NA,"NCIH526",NA,NA,"lung",NA,NA,NA
"NCI-H596","NCI-H596","NCI-H596","NCIH596",NA,NA,NA,"NCI-H596","NCIH596","NCIH596","NCIH596",NA,"lung",NA,NA,NA
"NCI-H630","NCI-H630",NA,"NCIH630",NA,NA,NA,NA,NA,NA,NA,NA,"large_intestine",NA,NA,NA
"NCI-H650","NCI-H650","NCI-H650","NCIH650",NA,NA,NA,"NCI-H650","NCIH650",NA,NA,NA,"lung",NA,NA,NA
"NCI-H660",NA,"NCI-H660","NCIH660",NA,NA,NA,NA,NA,NA,NA,NA,"prostate",NA,NA,NA
"NCI-H661","NCI-H661","NCI-H661","NCIH661",NA,NA,NA,NA,"NCIH661",NA,NA,NA,"lung",NA,NA,NA
"NCI-H69",NA,"NCI-H69","NCIH69",NA,NA,NA,NA,NA,"NCIH69",NA,NA,"lung",NA,NA,NA
"NCI-H716","NCI-H716","NCI-H716","NCIH716",NA,NA,NA,"NCI-H716",NA,NA,"NCIH716",NA,"large_intestine",NA,NA,NA
"NCI-H720","NCI-H720",NA,"NCIH720",NA,NA,NA,NA,NA,NA,NA,NA,"lung",NA,NA,NA
"NCI-H727","NCI-H727","NCI-H727","NCIH727",NA,NA,NA,"NCI-H727","NCIH727",NA,NA,NA,"lung",NA,NA,NA
"NCI-H747","NCI-H747","NCI-H747","NCIH747",NA,NA,NA,NA,NA,NA,NA,NA,"large_intestine",NA,NA,NA
"NCI-H748","NCI-H748",NA,"NCIH748",NA,NA,NA,NA,NA,NA,NA,NA,"lung",NA,NA,NA
"NCI-H810","NCI-H810","NCI-H810","NCIH810",NA,NA,NA,"NCI-H810","NCIH810",NA,NA,NA,"lung",NA,NA,NA
"NCI-H82","NCI-H82","NCI-H82","NCIH82",NA,NA,NA,"NCI-H82","NCIH82","NCIH82",NA,NA,"lung",NA,NA,NA
"NCI-H838","NCI-H838","NCI-H838","NCIH838",NA,NA,NA,NA,NA,NA,NA,NA,"lung",NA,NA,NA
"NCI-H841",NA,"NCI-H841",NA,NA,NA,NA,NA,"NCIH841",NA,NA,NA,"lung",NA,NA,NA
"NCI-N87","NCI-N87","NCI-N87","NCIN87",NA,NA,NA,"NCI-N87",NA,NA,NA,NA,"stomach",NA,NA,NA
"NCI-SNU-1","NCI-SNU-1","SNU-1",NA,NA,NA,NA,NA,NA,NA,NA,NA,"stomach",NA,NA,"SNU-1"
"NCI-SNU-16","NCI-SNU-16","SNU-16",NA,NA,NA,NA,NA,NA,NA,NA,NA,"stomach",NA,NA,"SNU-16"
"NCI-SNU-5","NCI-SNU-5","SNU-5",NA,NA,NA,NA,NA,NA,NA,NA,NA,"stomach",NA,NA,"SNU-5"
"NOMO-1","NOMO-1","NOMO-1",NA,NA,NA,NA,NA,"NOMO1",NA,"NOMO1","NOMO-1","haematopoietic_and_lymphoid_tissue",NA,NA,NA
"NU-DUL-1",NA,"NU-DUL-1",NA,NA,NA,NA,"NU-DUL-1","NUDUL1",NA,NA,NA,"haematopoietic_and_lymphoid_tissue",NA,NA,NA
"NUGC-4",NA,"NUGC-4",NA,NA,NA,NA,"NUGC-4","NUGC4",NA,NA,NA,"stomach",NA,NA,NA
"OAW-28","OAW-28","OAW28",NA,NA,NA,NA,"OAW28",NA,NA,NA,NA,"ovary",NA,NA,"OAW28"
"OAW-42","OAW-42","OAW42",NA,NA,NA,NA,"OAW42","OAW42",NA,NA,NA,"ovary",NA,NA,"OAW42"
"OC-314","OC-314","OC 314",NA,NA,NA,NA,NA,NA,NA,NA,NA,"ovary",NA,NA,"OC_314"
"OCI-AML3",NA,"OCI-AML3",NA,NA,NA,NA,"OCI-AML3","OCIAML3",NA,NA,NA,"haematopoietic_and_lymphoid_tissue",NA,NA,NA
"OCI-LY10",NA,"OCI-LY10",NA,NA,NA,NA,"OCI-LY-10","OCILY10",NA,NA,NA,"haematopoietic_and_lymphoid_tissue",NA,NA,NA
"OCI-LY3",NA,"OCI-LY3",NA,NA,NA,NA,"OCI-LY-3",NA,NA,NA,NA,"haematopoietic_and_lymphoid_tissue",NA,NA,NA
"OE19","OE19","OE19","OE19",NA,NA,NA,NA,NA,NA,NA,NA,"oesophagus",NA,NA,NA
"OE33","OE33","OE33","OE33",NA,NA,NA,NA,NA,NA,NA,NA,"oesophagus",NA,NA,NA
"OV-90",NA,"OV-90","OV90",NA,NA,NA,"OV-90","OV90",NA,NA,NA,"ovary",NA,NA,NA
"OVCAR-3","OVCAR-3","NIH:OVCAR-3","OVCAR3","OV:OVCAR_3",NA,NA,NA,NA,NA,NA,NA,"ovary",NA,NA,"NIH_OVCAR-3"
"OVCAR-4","OVCAR-4","OVCAR-4","OVCAR4","OV:OVCAR_4",NA,NA,"OVCAR-4","OVCAR4",NA,NA,NA,"ovary",NA,NA,NA
"OVCAR-5","OVCAR-5",NA,"OVCAR5","OV:OVCAR_5",NA,NA,"OVCAR-5",NA,NA,NA,NA,"ovary",NA,NA,NA
"OVCAR-8","OVCAR-8","OVCAR-8","OVCAR8","OV:OVCAR_8",NA,NA,"OVCAR-8","OVCAR8",NA,NA,NA,"ovary",NA,NA,NA
"P30-OHK","P30-OHK",NA,NA,NA,NA,NA,NA,NA,NA,NA,"P30/OHK","haematopoietic_and_lymphoid_tissue",NA,NA,NA
"P31-FUJ","P31-FUJ","P31/FUJ",NA,NA,NA,NA,NA,NA,NA,NA,"P31/FUJ","haematopoietic_and_lymphoid_tissue",NA,NA,"P31_FUJ"
"P3HR-1",NA,"P3HR-1","P3HR1",NA,NA,NA,NA,"P3HR1",NA,NA,NA,"haematopoietic_and_lymphoid_tissue",NA,NA,NA
"PA-TU-8902",NA,"PA-TU-8902",NA,NA,NA,NA,"PA-TU-8902","PATU8902",NA,NA,NA,"pancreas",NA,NA,NA
"Panc 03.27","PANC-03-27","Panc 03.27",NA,NA,NA,NA,"Panc 03.27","PANC0327",NA,NA,"Panc 03.27","pancreas",NA,"PANC-03-27","Panc_03.27"
"Panc 08.13","PANC-08-13","Panc 08.13",NA,NA,NA,NA,"Panc 08.13",NA,NA,NA,"Panc 08.13","pancreas",NA,NA,"Panc_08.13"
"Panc 10.05","PANC-10-05","Panc 10.05",NA,NA,NA,NA,NA,"PANC1005",NA,NA,"Panc 10.05","pancreas",NA,NA,"Panc_10.05"
"PC-3","PC-3","PC-3","PC3","PR:PC_3",NA,NA,"PC-3","PC3",NA,"PC3",NA,"prostate",NA,NA,NA
"PL-21",NA,"PL-21",NA,NA,NA,NA,"PL-21","PL21",NA,"PL21","PL-21","haematopoietic_and_lymphoid_tissue",NA,NA,NA
"PLC-PRF-5","PLC-PRF-5","PLC/PRF/5",NA,NA,NA,NA,"PLC/PRF/5",NA,NA,NA,NA,"liver",NA,NA,"PLC_PRF_5"
"QGP-1",NA,"QGP-1",NA,NA,NA,NA,"QGP-1","QGP1",NA,NA,NA,"pancreas",NA,NA,NA
"Raji","Raji","Raji","RAJI",NA,NA,NA,"RAJI",NA,NA,NA,NA,"haematopoietic_and_lymphoid_tissue",NA,NA,NA
"RCH-ACV",NA,"RCH-ACV","RCHACV",NA,NA,NA,NA,NA,NA,NA,NA,"haematopoietic_and_lymphoid_tissue",NA,NA,NA
"RCM-1","RCM-1","RCM-1",NA,NA,NA,NA,"RCM-1","RCM1",NA,NA,NA,"large_intestine",NA,NA,NA
"RD","RD","RD","RD",NA,NA,NA,NA,NA,NA,NA,NA,"soft_tissue",NA,NA,NA
"RD-ES",NA,"RD-ES","RDES",NA,NA,NA,NA,NA,NA,NA,NA,"bone",NA,NA,NA
"REC-1",NA,"REC-1","REC1",NA,NA,NA,"REC-1",NA,NA,NA,NA,"haematopoietic_and_lymphoid_tissue",NA,NA,NA
"REH","REH","Reh",NA,NA,NA,NA,NA,NA,NA,NA,"Reh","haematopoietic_and_lymphoid_tissue",NA,NA,"Reh"
"RERF-LC-KJ",NA,"RERF-LC-KJ",NA,NA,NA,NA,"RERF-LC-KJ","RERFLCKJ",NA,NA,NA,"lung",NA,NA,NA
"RKO-E6",NA,NA,"RKOE6",NA,NA,NA,"RKO-E6",NA,NA,NA,NA,"large_intestine",NA,NA,NA
"RL","RL","RL","RL",NA,NA,NA,"RL",NA,NA,NA,NA,"haematopoietic_and_lymphoid_tissue",NA,NA,NA
"RL95-2",NA,"RL95-2","RL952",NA,NA,NA,NA,NA,NA,NA,NA,"endometrium",NA,NA,NA
"RMG-I","RMG-I","RMG-I",NA,NA,NA,NA,"RMG-I","RMGI",NA,"RMGI","RMG-I","ovary",NA,NA,NA
"RMUG-S",NA,"RMUG-S",NA,NA,NA,NA,"RMUG-S","RMUGS",NA,"RMUGS",NA,"ovary",NA,NA,NA
"RPMI-2650","RPMI-2650",NA,"RPMI2650",NA,NA,NA,"RPMI 2650",NA,NA,NA,"RPMI 2650","upper_aerodigestive_tract",NA,NA,NA
"RPMI-6666","RPMI-6666",NA,"RPMI6666",NA,NA,NA,NA,NA,NA,NA,"RPMI 6666","haematopoietic_and_lymphoid_tissue",NA,NA,NA
"RPMI-8226","RPMI-8226","RPMI 8226","RPMI8226","LE:RPMI_8226",NA,NA,"RPMI 8226","RPMI8226",NA,NA,NA,"haematopoietic_and_lymphoid_tissue",NA,NA,"RPMI_8226"
"RS4;11","RS4-11","RS4;11",NA,NA,NA,NA,NA,NA,NA,NA,"RS4;11","haematopoietic_and_lymphoid_tissue",NA,"RS4-11","RS4_11"
"RXF393","RXF393",NA,NA,"RE:RXF_393",NA,NA,NA,NA,NA,NA,NA,"kidney",NA,NA,NA
"Saos-2","Saos-2","Saos-2","SAOS2",NA,NA,NA,NA,NA,NA,NA,NA,"bone",NA,NA,NA
"SCaBER",NA,"SCaBER","SCABER",NA,NA,NA,NA,NA,NA,NA,NA,"urinary_tract",NA,NA,NA
"SCC-15","SCC-15","SCC-15","SCC15",NA,NA,NA,"SCC-15",NA,NA,NA,NA,"upper_aerodigestive_tract",NA,NA,NA
"SCC-25","SCC-25","SCC-25","SCC25",NA,NA,NA,"SCC-25",NA,NA,NA,NA,"upper_aerodigestive_tract",NA,NA,NA
"SCC-4","SCC-4","SCC-4","SCC4",NA,NA,NA,NA,NA,NA,NA,"SCC-4","upper_aerodigestive_tract",NA,NA,NA
"SCC-9","SCC-9","SCC-9","SCC9",NA,NA,NA,"SCC-9","SCC9",NA,NA,"SCC-9","upper_aerodigestive_tract",NA,NA,NA
"SCLC-21H","SCLC-21H","SCLC-21H",NA,NA,NA,NA,"SCLC-21H","SCLC21H",NA,NA,NA,"lung",NA,NA,NA
"SEM",NA,"SEM","SEM",NA,NA,NA,NA,NA,NA,NA,NA,"haematopoietic_and_lymphoid_tissue",NA,NA,NA
"Set-2",NA,"Set-2",NA,NA,NA,NA,"SET-2",NA,NA,NA,NA,"haematopoietic_and_lymphoid_tissue",NA,NA,NA
"SF268","SF268",NA,NA,"CNS:SF_268",NA,NA,"SF268",NA,"SF268",NA,NA,"central_nervous_system",NA,NA,NA
"SF295","SF295","SF-295",NA,"CNS:SF_295",NA,NA,NA,"SF295","SF295",NA,NA,"central_nervous_system",NA,NA,"SF-295"
"SF539","SF539",NA,NA,"CNS:SF_539",NA,NA,"SF539",NA,"SF539",NA,NA,"central_nervous_system",NA,NA,NA
"SH-10-TC",NA,"SH-10-TC",NA,NA,NA,NA,NA,"SH10TC",NA,NA,NA,"stomach",NA,NA,NA
"SH-4",NA,"SH-4","SH4",NA,NA,NA,NA,NA,NA,NA,NA,"skin",NA,NA,NA
"SHP-77","SHP-77","SHP-77","SHP77",NA,NA,NA,NA,"SHP77",NA,NA,NA,"lung",NA,NA,NA
"SiHa","SiHa",NA,"SIHA",NA,NA,NA,"SiHa",NA,NA,NA,NA,"cervix",NA,NA,NA
"SJCRH30","SJRH30","SJRH30","SJRH30",NA,NA,NA,"SJCRH30",NA,NA,NA,"SJCRH30","soft_tissue",NA,NA,NA
"SJRH30","SJRH30","SJRH30","SJRH30",NA,NA,NA,NA,NA,NA,NA,NA,"soft_tissue",NA,NA,NA
"SJSA-1","SJSA-1","SJSA-1","SJSA1",NA,NA,NA,NA,NA,NA,NA,NA,"bone",NA,NA,NA
"SK-BR-3",NA,"SK-BR-3","SKBR3",NA,"SKBR3","SKBR3","SK-BR-3",NA,"SKBR3","SKBR3",NA,"breast",NA,NA,NA
"SK-CO-1","SK-CO-1","SK-CO-1",NA,NA,NA,NA,"SK-CO-1","SKCO1",NA,NA,NA,"large_intestine",NA,NA,NA
"SK-LMS-1","SK-LMS-1","SK-LMS-1","SKLMS1",NA,NA,NA,NA,NA,NA,NA,NA,"soft_tissue",NA,NA,NA
"SK-LU-1","SK-LU-1","SK-LU-1",NA,NA,NA,NA,NA,"SKLU1",NA,NA,NA,"lung",NA,NA,NA
"SK-MEL-1",NA,"SK-MEL-1","SKMEL1",NA,NA,NA,"SK-MEL-1","SKMEL1",NA,"SKMEL1",NA,"skin",NA,NA,NA
"SK-MEL-2","SK-MEL-2","SK-MEL-2",NA,"ME:SK_MEL_2",NA,NA,"SK-MEL-2",NA,"SKMEL2",NA,NA,"skin",NA,NA,NA
"SK-MEL-28","SK-MEL-28","SK-MEL-28","SKMEL28","ME:SK_MEL_28",NA,NA,"SK-MEL-28","SKMEL28",NA,"SKMEL28",NA,"skin",NA,NA,NA
"SK-MEL-3","SK-MEL-3","SK-MEL-3","SKMEL3",NA,NA,NA,"SK-MEL-3",NA,NA,NA,NA,"skin",NA,NA,NA
"SK-MEL-5","SK-MEL-5","SK-MEL-5",NA,"ME:SK_MEL_5",NA,NA,"SK-MEL-5","SKMEL5","SKMEL5",NA,NA,"skin",NA,NA,NA
"SK-MES-1","SK-MES-1","SK-MES-1","SKMES1",NA,NA,NA,"SK-MES-1",NA,NA,NA,NA,"lung",NA,NA,NA
"SK-N-AS","SK-N-AS","SK-N-AS","SKNAS",NA,NA,NA,"SK-N-AS",NA,NA,NA,NA,"autonomic_ganglia",NA,NA,NA
"SK-N-DZ","SK-N-DZ","SK-N-DZ","SKNDZ",NA,NA,NA,"SK-N-DZ",NA,NA,NA,NA,"autonomic_ganglia",NA,NA,NA
"SK-N-FI","SK-N-FI","SK-N-FI","SKNF1",NA,NA,NA,"SK-N-FI",NA,NA,NA,NA,"autonomic_ganglia",NA,NA,NA
"SK-NEP-1","SK-NEP-1",NA,"SKNEP1",NA,NA,NA,NA,NA,"SKNEP",NA,NA,"kidney",NA,NA,NA
"SK-OV-3","SK-OV-3","SK-OV-3","SKOV3","OV:SK_OV_3",NA,NA,"SK-OV-3","SKOV3",NA,NA,NA,"ovary",NA,NA,NA
"SK-UT-1","SK-UT-1","SK-UT-1","SKUT1",NA,NA,NA,NA,NA,"SKUT1B",NA,NA,"soft_tissue",NA,NA,NA
"SKM-1","SKM-1","SKM-1",NA,NA,NA,NA,"SKM-1","SKM1",NA,"SKM1",NA,"haematopoietic_and_lymphoid_tissue",NA,NA,NA
"SN12C","SN12C",NA,NA,"RE:SN12C",NA,NA,NA,NA,"SN12C",NA,NA,"kidney",NA,NA,NA
"SNB19","SNB19","SNB-19","SNB19","CNS:SNB_19",NA,NA,NA,NA,"SNB19",NA,"SNB-19","central_nervous_system",NA,NA,NA
"SNB75","SNB75",NA,NA,"CNS:SNB_75",NA,NA,NA,NA,"SNB75",NA,NA,"central_nervous_system",NA,NA,NA
"SNG-M","SNG-M","SNG-M",NA,NA,NA,NA,NA,"SNGM",NA,"SNGM","SNG-M","endometrium",NA,NA,NA
"SNU-1",NA,NA,"SNU1",NA,NA,NA,"SNU-1",NA,NA,NA,"SNU-1","stomach",NA,NA,NA
"SNU-1040",NA,"SNU-1040",NA,NA,NA,NA,NA,"SNU1040",NA,NA,NA,"large_intestine",NA,NA,NA
"SNU-16",NA,NA,"SNU16",NA,NA,NA,"SNU-16",NA,NA,NA,"SNU-16","stomach",NA,NA,NA
"SNU-175",NA,"SNU-175",NA,NA,NA,NA,NA,"SNU175",NA,NA,NA,"large_intestine",NA,NA,NA
"SNU-182",NA,"SNU-182","SNU182",NA,NA,NA,"SNU-182",NA,NA,NA,NA,"liver",NA,NA,NA
"SNU-387","SNU-387","SNU-387","SNU387",NA,NA,NA,"SNU-387",NA,NA,NA,NA,"liver",NA,NA,NA
"SNU-398",NA,"SNU-398","SNU398",NA,NA,NA,"SNU-398","SNU398",NA,NA,NA,"liver",NA,NA,NA
"SNU-423","SNU-423","SNU-423","SNU423",NA,NA,NA,"SNU-423",NA,NA,NA,NA,"liver",NA,NA,NA
"SNU-449","SNU-449","SNU-449","SNU449",NA,NA,NA,"SNU-449","SNU449",NA,NA,NA,"liver",NA,NA,NA
"SNU-475","SNU-475","SNU-475","SNU475",NA,NA,NA,"SNU-475",NA,NA,NA,NA,"liver",NA,NA,NA
"SNU-5",NA,NA,"SNU5",NA,NA,NA,"SNU-5",NA,NA,NA,"SNU-5","stomach",NA,NA,NA
"SNU-61",NA,"SNU-61",NA,NA,NA,NA,NA,"SNU61",NA,NA,NA,"large_intestine",NA,NA,NA
"SNU-81",NA,"SNU-81",NA,NA,NA,NA,NA,"SNU81",NA,NA,NA,"large_intestine",NA,NA,NA
"SNU-840",NA,"SNU-840",NA,NA,NA,NA,NA,"SNU840",NA,NA,NA,"ovary",NA,NA,NA
"SNU-C2A",NA,"SNU-C2A",NA,NA,NA,NA,NA,"SNUC2A",NA,NA,NA,"large_intestine",NA,NA,NA
"SNU-C4",NA,"SNU-C4",NA,NA,NA,NA,NA,"SNUC4",NA,"SNUC4",NA,"large_intestine",NA,NA,NA
"SNU-C5",NA,"SNU-C5",NA,NA,NA,NA,NA,"SNUC5",NA,"SNUC5",NA,"large_intestine",NA,NA,NA
"Sq-1",NA,"Sq-1",NA,NA,NA,NA,NA,"SQ1",NA,NA,NA,"lung",NA,NA,NA
"SR","SR","SR-786","SR","LE:SR",NA,NA,"SR",NA,NA,NA,NA,"haematopoietic_and_lymphoid_tissue",NA,NA,"SR-786"
"ST486","ST486","ST486","ST486",NA,NA,NA,NA,NA,NA,NA,NA,"haematopoietic_and_lymphoid_tissue",NA,NA,NA
"SU-DHL-10",NA,"SU-DHL-10","SUDHL10",NA,NA,NA,"SU-DHL-10",NA,NA,NA,NA,"haematopoietic_and_lymphoid_tissue",NA,NA,NA
"SU-DHL-16",NA,NA,"SUDHL16",NA,NA,NA,"SU-DHL-16",NA,NA,NA,"SU-DHL-16","hematopoietic_and_lymphatic_system",NA,NA,NA
"SU-DHL-4",NA,"SU-DHL-4",NA,NA,NA,NA,"SU-DHL-4","SUDHL4",NA,NA,NA,"haematopoietic_and_lymphoid_tissue",NA,NA,NA
"SU-DHL-5",NA,"SU-DHL-5","SUDHL5",NA,NA,NA,"SU-DHL-5","SUDHL5",NA,NA,NA,"haematopoietic_and_lymphoid_tissue",NA,NA,NA
"SU-DHL-6",NA,"SU-DHL-6","SUDHL6",NA,NA,NA,"SU-DHL-6",NA,NA,NA,NA,"haematopoietic_and_lymphoid_tissue",NA,NA,NA
"SUIT-2",NA,"SUIT-2",NA,NA,NA,NA,"SUIT-2","SUIT2",NA,NA,NA,"pancreas",NA,NA,NA
"SUM 149PT",NA,NA,NA,NA,"SUM149PT",NA,"SUM 149PT",NA,NA,NA,NA,"breast",NA,NA,NA
"SUM 159PT",NA,NA,NA,NA,"SUM159PT",NA,"SUM 159PT",NA,NA,NA,NA,"breast",NA,NA,NA
"SUM 229PE",NA,NA,NA,NA,"SUM229PE",NA,"SUM 229PE",NA,NA,NA,NA,"breast",NA,NA,NA
"SUM 52PE",NA,NA,NA,NA,"SUM52PE",NA,"SUM 52PE",NA,NA,NA,NA,"breast",NA,NA,NA
"SW 1353",NA,"SW 1353","SW1353",NA,NA,NA,NA,NA,NA,NA,NA,"bone","ATCC: chondrosarcoma",NA,"SW_1353"
"SW1088","SW1088","SW 1088","SW1088",NA,NA,NA,NA,NA,NA,NA,"SW 1088","central_nervous_system",NA,NA,"SW_1088"
"SW1116","SW1116","SW1116","SW1116",NA,NA,NA,"SW 1116",NA,NA,NA,NA,"large_intestine",NA,NA,NA
"SW13","SW13",NA,NA,NA,NA,NA,NA,NA,NA,NA,"SW 13","adrenal_gland",NA,NA,NA
"SW1417","SW1417","SW1417","SW1417",NA,NA,NA,"SW 1417",NA,NA,NA,NA,"large_intestine",NA,NA,NA
"SW1463","SW1463","SW1463","SW1463",NA,NA,NA,"SW 1463",NA,NA,NA,NA,"large_intestine",NA,NA,NA
"SW1573","SW1573","SW 1573","SW1573",NA,NA,NA,"SW 1573",NA,NA,NA,NA,"lung",NA,NA,"SW_1573"
"SW1710","SW1710","SW-1710",NA,NA,NA,NA,NA,NA,NA,NA,"SW-1710","urinary_tract",NA,NA,"SW-1710"
"SW1783","SW1783","SW 1783","SW1783",NA,NA,NA,NA,NA,NA,NA,"SW 1783","central_nervous_system",NA,NA,"SW_1783"
"SW1990","SW1990","SW 1990","SW1990",NA,NA,NA,"SW 1990",NA,NA,NA,NA,"pancreas",NA,NA,"SW_1990"
"SW403","SW403","SW403","SW403",NA,NA,NA,"SW 403","SW403",NA,NA,NA,"large_intestine",NA,NA,NA
"SW48","SW48","SW48","SW48",NA,NA,NA,"SW 48","SW48",NA,NA,NA,"large_intestine",NA,NA,NA
"SW480",NA,"SW480","SW480",NA,NA,NA,"SW 480","SW480",NA,"SW480",NA,"large_intestine",NA,NA,NA
"SW620","SW620","SW620","SW620","CO:SW_620",NA,NA,"SW 620","SW620",NA,NA,NA,"large_intestine",NA,NA,NA
"SW626","SW626",NA,NA,NA,NA,NA,NA,NA,NA,NA,"SW 626","ovary",NA,NA,NA
"SW684","SW684",NA,"SW684",NA,NA,NA,NA,NA,NA,NA,NA,"soft_tissue",NA,NA,NA
"SW780","SW780","SW 780","SW780",NA,NA,NA,"SW 780",NA,NA,NA,NA,"urinary_tract",NA,NA,"SW_780"
"SW837","SW837","SW837","SW837",NA,NA,NA,"SW 837",NA,NA,NA,NA,"large_intestine",NA,NA,NA
"SW872","SW872",NA,"SW872",NA,NA,NA,NA,NA,NA,NA,NA,"soft_tissue",NA,NA,NA
"SW900","SW900","SW 900","SW900",NA,NA,NA,"SW 900",NA,NA,NA,NA,"lung",NA,NA,"SW_900"
"SW948","SW948","SW948","SW948",NA,NA,NA,"SW 948","SW948",NA,NA,NA,"large_intestine",NA,NA,NA
"SW954","SW954",NA,"SW954",NA,NA,NA,NA,NA,NA,NA,NA,"vulva",NA,NA,NA
"SW962","SW962",NA,"SW962",NA,NA,NA,NA,NA,NA,NA,NA,"vulva",NA,NA,NA
"SW982","SW982",NA,"SW982",NA,NA,NA,"SW 982",NA,NA,NA,NA,"soft_tissue",NA,NA,NA
"T-24","T-24","T24","T24",NA,NA,NA,NA,NA,NA,NA,NA,"urinary_tract",NA,NA,"T24"
"T3M-10",NA,"T3M-10",NA,NA,NA,NA,NA,"T3M10",NA,"T3M10",NA,"lung",NA,NA,NA
"T47D","T47D","T-47D","T47D","BR:T47D",NA,"T47D","T-47D",NA,NA,NA,NA,"breast",NA,NA,"T-47D"
"T84","T84","T84","T84",NA,NA,NA,"T84",NA,NA,NA,NA,"large_intestine",NA,NA,NA
"TE 441.T","TE-441-T","TE 441.T",NA,NA,NA,NA,NA,NA,NA,NA,"TE-441-T","soft_tissue",NA,"TE-441-T","TE_441.T"
"THP-1","THP-1","THP-1","THP1",NA,NA,NA,"THP-1","THP1",NA,"THP1",NA,"haematopoietic_and_lymphoid_tissue",NA,NA,NA
"TI-73","TI-73","T1-73",NA,NA,NA,NA,NA,NA,NA,NA,NA,"bone",NA,NA,"T1-73"
"TK10","TK10",NA,NA,"RE:TK_10",NA,NA,"TK-10",NA,"TK10",NA,NA,"kidney",NA,NA,NA
"TO 175.T",NA,"TO 175.T","TO175T",NA,NA,NA,NA,NA,NA,NA,NA,"haematopoietic_and_lymphoid_tissue",NA,NA,"TO_175.T"
"Toledo",NA,"Toledo","TOLEDO",NA,NA,NA,"Toledo",NA,NA,NA,NA,"haematopoietic_and_lymphoid_tissue",NA,NA,NA
"TT","TT","TT","TT",NA,NA,NA,NA,NA,NA,NA,NA,"thyroid",NA,NA,NA
"TYK-nu","TYK-nu","TYK-nu",NA,NA,NA,NA,"TYK-nu","TYKNU",NA,"TYKNU","TYK-nu","ovary",NA,NA,NA
"U-118-MG","U-118-MG","U-118 MG","U138MG",NA,NA,NA,NA,NA,NA,NA,"U-118 MG","central_nervous_system",NA,NA,"U-118_MG"
"U-138 MG",NA,"U-138 MG","U138MG",NA,NA,NA,NA,NA,NA,NA,NA,"central_nervous_system",NA,NA,NA
"U-2-OS","U-2-OS","U-2 OS",NA,NA,NA,NA,"U-2 OS","U2OS",NA,NA,NA,"bone",NA,NA,"U-2_OS"
"U-266","U-266","U266B1","U266B1",NA,NA,NA,NA,NA,NA,"U266","U266B1","haematopoietic_and_lymphoid_tissue",NA,NA,"U266B1"
"U-87-MG","U-87-MG","U-87 MG","U87MG",NA,NA,NA,NA,NA,NA,NA,"U-87 MG","central_nervous_system",NA,NA,"U-87_MG"
"U-937",NA,"U-937",NA,NA,NA,NA,"U-937","U937",NA,"U937","U-937","haematopoietic_and_lymphoid_tissue",NA,NA,NA
"U251","U251","U-251 MG",NA,"CNS:U251",NA,NA,NA,NA,"U251",NA,NA,"central_nervous_system",NA,NA,"U-251_MG"
"UACC-257","UACC-257","UACC-257","UACC257","ME:UACC_257",NA,NA,"UACC-257",NA,"UACC257",NA,NA,"haematopoietic_and_lymphoid_tissue",NA,NA,NA
"UACC-62","UACC-62","UACC-62","UACC62","ME:UACC_62",NA,NA,NA,NA,"UACC62",NA,NA,"haematopoietic_and_lymphoid_tissue",NA,NA,NA
"UACC-812","UACC-812","UACC-812","UACC812",NA,"UACC812","UACC812","UACC-812",NA,"UACC812",NA,NA,"breast",NA,NA,NA
"UACC-893","UACC-893","UACC-893","UACC893",NA,"UACC893","UACC893","UACC-893",NA,NA,NA,NA,"breast",NA,NA,NA
"UM-UC-3","UM-UC-3","UM-UC-3","UMUC3",NA,NA,NA,"UM-UC-3","UMUC3",NA,NA,NA,"urinary_tract",NA,NA,NA
"UMC-11","UMC-11",NA,"UMC11",NA,NA,NA,"UMC-11",NA,NA,NA,NA,"lung",NA,NA,NA
"UO31","U031",NA,"UO31","RE:UO_31",NA,NA,NA,NA,NA,NA,NA,"kidney",NA,"U031","UO-31"
"VCaP",NA,"VCaP",NA,NA,NA,NA,NA,NA,NA,"VCAP","VCaP","prostate",NA,NA,NA
"VM-CUB-1","VM-CUB-1","VM-CUB1",NA,NA,NA,NA,NA,NA,NA,NA,"VM-CUB1","urinary_tract",NA,NA,"VM-CUB1"
"VMRC-LCD",NA,"VMRC-LCD",NA,NA,NA,NA,"VMRC-LCD","VMRCLCD",NA,NA,NA,"lung",NA,NA,NA
"VMRC-RCW",NA,"VMRC-RCW",NA,NA,NA,NA,NA,"VMRCRCW",NA,NA,NA,"kidney",NA,NA,NA
"WIDR",NA,NA,"WIDR",NA,NA,NA,"WiDr",NA,NA,NA,"WiDr","large_intestine",NA,NA,NA
"WM-115","WM-115","WM-115","WM115",NA,NA,NA,"WM-115",NA,NA,NA,NA,"skin",NA,NA,NA
"WM-266-4",NA,"WM-266-4",NA,NA,NA,NA,"WM-266-4",NA,NA,NA,"WM 266-4","skin",NA,NA,NA
"WSU-DLCL2",NA,"WSU-DLCL2",NA,NA,NA,NA,"WSU-DLCL2","WSUDLCL2",NA,"WSUDLCL2","WSU-DLCL2","haematopoietic_and_lymphoid_tissue",NA,NA,NA
"YKG-1","YKG-1","YKG1",NA,NA,NA,NA,NA,NA,NA,NA,NA,"central_nervous_system",NA,NA,"YKG1"
"ZR-75-1",NA,"ZR-75-1","ZR751",NA,"ZR751","ZR751","ZR-75-1",NA,"ZR751",NA,"ZR-75-1","breast",NA,NA,NA
"ZR-75-30","ZR-75-30","ZR-75-30",NA,NA,"ZR7530","ZR7530","ZR-75-30",NA,"ZR7530",NA,NA,"breast",NA,NA,NA
"ZR75B",NA,NA,NA,NA,"ZR75B","ZR75B",NA,NA,NA,NA,NA,"breast",NA,NA,NA
"OVCA 420",NA,NA,NA,NA,NA,NA,"OVCA 420",NA,NA,NA,NA,NA,NA,"OVCA420",NA
"WM-793",NA,"WM-793",NA,NA,NA,NA,NA,NA,NA,NA,NA,"skin",NA,"WM793B",NA
"Hs 766T",NA,"Hs 766T",NA,NA,NA,NA,"Hs 766T",NA,NA,NA,NA,"pancreas",NA,"Hs-766T","Hs_766T"
"PE/CA-PJ15",NA,"PE/CA-PJ15",NA,NA,NA,NA,"PE/CA-PJ15",NA,NA,NA,NA,"upper_aerodigestive_tract",NA,"PE-CA-PJ15","PE_CA-PJ15"
"OVK18",NA,"OVK18",NA,NA,NA,NA,NA,"OVK18",NA,NA,NA,"ovary",NA,"OVK-18",NA
"786-O",NA,NA,NA,NA,NA,NA,"786-O",NA,NA,NA,NA,"kidney",NA,"786-o",NA
"RWPE1",NA,NA,"RWPE1",NA,NA,NA,NA,NA,NA,NA,NA,NA,NA,"RWPE-1",NA
"BICR 10",NA,NA,NA,NA,NA,NA,"BICR 10",NA,NA,NA,NA,NA,NA,"BICR10",NA
"Hs 940.T",NA,"Hs 940.T",NA,NA,NA,NA,"Hs 940.T",NA,NA,NA,NA,"skin",NA,"Hs-940-T","Hs_940.T"
"Panc 02.03",NA,"Panc 02.03",NA,NA,NA,NA,"Panc 02.03",NA,NA,NA,NA,"pancreas",NA,"PANC-02-03","Panc_02.03"
"SC-1",NA,NA,NA,NA,NA,NA,"SC-1",NA,NA,NA,NA,"haematopoietic_and_lymphoid_tissue",NA,"Sci-1",NA
"BICR 78",NA,NA,NA,NA,NA,NA,"BICR 78",NA,NA,NA,NA,NA,NA,"BICR78",NA
"OV7",NA,"OV7",NA,NA,NA,NA,"OV7","OV7",NA,NA,NA,"ovary",NA,"OV-7",NA
"BICR 31",NA,"BICR 31",NA,NA,NA,NA,"BICR 31",NA,NA,NA,NA,"upper_aerodigestive_tract",NA,"BICR31","BICR_31"
"BICR 22",NA,"BICR 22",NA,NA,NA,NA,"BICR 22",NA,NA,NA,NA,"upper_aerodigestive_tract",NA,"BICR22","BICR_22"
"Hs 683",NA,"Hs 683",NA,NA,NA,NA,"Hs 683",NA,NA,NA,NA,"central_nervous_system",NA,"Hs-683","Hs_683"
"HO-1-N-1","HO-1-N-1",NA,NA,NA,NA,NA,NA,NA,NA,NA,NA,"upper_aerodigestive_tract",NA,"HO-1-u-1",NA
"HEY",NA,NA,NA,NA,NA,NA,"HEY",NA,NA,NA,NA,"ovary",NA,"Hey",NA
"Panc 04.03",NA,"Panc 04.03",NA,NA,NA,NA,"Panc 04.03",NA,NA,NA,NA,"pancreas",NA,"PANC-04-03","Panc_04.03"
"OV56",NA,"OV56",NA,NA,NA,NA,"OV56",NA,NA,NA,NA,"ovary",NA,"OV-56",NA
"OCI-LY-7",NA,NA,NA,NA,NA,NA,"OCI-LY-7",NA,NA,NA,NA,NA,NA,"OCI-LY7",NA
"SU.86.86",NA,"SU.86.86",NA,NA,NA,NA,"SU.86.86",NA,NA,NA,NA,"pancreas",NA,"SU8686",NA
"SW 1271",NA,"SW 1271",NA,NA,NA,NA,NA,NA,NA,NA,NA,"lung",NA,"SW1271","SW_1271"
"PE01",NA,NA,NA,NA,NA,NA,"PE01",NA,NA,NA,NA,"ovary",NA,"PEO1",NA
"PL45",NA,"PL45",NA,NA,NA,NA,"PL45",NA,NA,NA,NA,"pancreas",NA,"PL4",NA
"BICR 16",NA,"BICR 16",NA,NA,NA,NA,NA,NA,NA,NA,NA,"upper_aerodigestive_tract",NA,NA,"BICR_16"
"BICR 18",NA,"BICR 18",NA,NA,NA,NA,NA,NA,NA,NA,NA,"upper_aerodigestive_tract",NA,NA,"BICR_18"
"BICR 56",NA,"BICR 56",NA,NA,NA,NA,NA,NA,NA,NA,NA,"upper_aerodigestive_tract",NA,NA,"BICR_56"
"BICR 6",NA,"BICR 6",NA,NA,NA,NA,NA,NA,NA,NA,NA,"upper_aerodigestive_tract",NA,NA,"BICR_6"
"DMS 454",NA,"DMS 454",NA,NA,NA,NA,"DMS 454",NA,NA,NA,NA,"lung",NA,NA,"DMS_454"
"Hs 172.T",NA,"Hs 172.T",NA,NA,NA,NA,NA,NA,NA,NA,NA,"urinary_tract",NA,NA,"Hs_172.T"
"Hs 229.T",NA,"Hs 229.T",NA,NA,NA,NA,NA,NA,NA,NA,NA,"lung",NA,NA,"Hs_229.T"
"Hs 255.T",NA,"Hs 255.T",NA,NA,NA,NA,"Hs 255.T",NA,NA,NA,NA,"large_intestine",NA,NA,"Hs_255.T"
"Hs 281.T",NA,"Hs 281.T",NA,NA,NA,NA,NA,NA,NA,NA,NA,"breast",NA,NA,"Hs_281.T"
"Hs 294T",NA,"Hs 294T",NA,NA,NA,NA,"Hs 294T",NA,NA,NA,NA,"skin",NA,NA,"Hs_294T"
"Hs 343.T",NA,"Hs 343.T",NA,NA,NA,NA,NA,NA,NA,NA,NA,"breast",NA,NA,"Hs_343.T"
"Hs 600.T",NA,"Hs 600.T",NA,NA,NA,NA,NA,NA,NA,NA,NA,"skin",NA,NA,"Hs_600.T"
"Hs 606.T",NA,"Hs 606.T",NA,NA,NA,NA,NA,NA,NA,NA,NA,"breast",NA,NA,"Hs_606.T"
"Hs 611.T",NA,"Hs 611.T",NA,NA,NA,NA,NA,NA,NA,NA,NA,"haematopoietic_and_lymphoid_tissue",NA,NA,"Hs_611.T"
"Hs 616.T",NA,"Hs 616.T",NA,NA,NA,NA,NA,NA,NA,NA,NA,"haematopoietic_and_lymphoid_tissue",NA,NA,"Hs_616.T"
"Hs 618.T",NA,"Hs 618.T",NA,NA,NA,NA,NA,NA,NA,NA,NA,"lung",NA,NA,"Hs_618.T"
"Hs 675.T",NA,"Hs 675.T",NA,NA,NA,NA,"Hs 675.T",NA,NA,NA,NA,"large_intestine",NA,NA,"Hs_675.T"
"Hs 688(A).T",NA,"Hs 688(A).T",NA,NA,NA,NA,NA,NA,NA,NA,NA,"skin",NA,NA,"Hs_688_A_.T"
"Hs 695T",NA,"Hs 695T",NA,NA,NA,NA,"Hs 695T",NA,NA,NA,NA,"skin",NA,NA,"Hs_695T"
"Hs 698.T",NA,"Hs 698.T",NA,NA,NA,NA,NA,NA,NA,NA,NA,"large_intestine",NA,NA,"Hs_698.T"
"Hs 706.T",NA,"Hs 706.T",NA,NA,NA,NA,NA,NA,NA,NA,NA,"bone",NA,NA,"Hs_706.T"
"Hs 729",NA,"Hs 729",NA,NA,NA,NA,NA,NA,NA,NA,NA,"soft_tissue",NA,NA,"Hs_729"
"Hs 737.T",NA,"Hs 737.T",NA,NA,NA,NA,NA,NA,NA,NA,NA,"bone",NA,NA,"Hs_737.T"
"Hs 739.T",NA,"Hs 739.T",NA,NA,NA,NA,NA,NA,NA,NA,NA,"breast",NA,NA,"Hs_739.T"
"Hs 742.T",NA,"Hs 742.T",NA,NA,NA,NA,NA,NA,NA,NA,NA,"breast",NA,NA,"Hs_742.T"
"Hs 819.T",NA,"Hs 819.T",NA,NA,NA,NA,NA,NA,NA,NA,NA,"bone",NA,NA,"Hs_819.T"
"Hs 821.T",NA,"Hs 821.T",NA,NA,NA,NA,NA,NA,NA,NA,NA,"bone",NA,NA,"Hs_821.T"
"Hs 822.T",NA,"Hs 822.T",NA,NA,NA,NA,NA,NA,NA,NA,NA,"bone",NA,NA,"Hs_822.T"
"Hs 834.T",NA,"Hs 834.T",NA,NA,NA,NA,NA,NA,NA,NA,NA,"skin",NA,NA,"Hs_834.T"
"Hs 839.T",NA,"Hs 839.T",NA,NA,NA,NA,"Hs 839.T",NA,NA,NA,NA,"skin",NA,NA,"Hs_839.T"
"Hs 840.T",NA,"Hs 840.T",NA,NA,NA,NA,NA,NA,NA,NA,NA,"upper_aerodigestive_tract",NA,NA,"Hs_840.T"
"Hs 863.T",NA,"Hs 863.T",NA,NA,NA,NA,NA,NA,NA,NA,NA,"bone",NA,NA,"Hs_863.T"
"Hs 870.T",NA,"Hs 870.T",NA,NA,NA,NA,NA,NA,NA,NA,NA,"bone",NA,NA,"Hs_870.T"
"Hs 888.T",NA,"Hs 888.T",NA,NA,NA,NA,NA,NA,NA,NA,NA,"bone",NA,NA,"Hs_888.T"
"Hs 895.T",NA,"Hs 895.T",NA,NA,NA,NA,"Hs 895.T",NA,NA,NA,NA,"skin",NA,NA,"Hs_895.T"
"Hs 934.T",NA,"Hs 934.T",NA,NA,NA,NA,NA,NA,NA,NA,NA,"skin",NA,NA,"Hs_934.T"
"Hs 939.T",NA,"Hs 939.T",NA,NA,NA,NA,NA,NA,NA,NA,NA,"skin",NA,NA,"Hs_939.T"
"HuT 102",NA,"HuT 102",NA,NA,NA,NA,NA,NA,NA,NA,NA,"haematopoietic_and_lymphoid_tissue",NA,NA,"HuT_102"
"MDA PCa 2b",NA,"MDA PCa 2b",NA,NA,NA,NA,NA,NA,NA,NA,NA,"prostate",NA,NA,"MDA_PCa_2b"
"MOR/CPR",NA,"MOR/CPR",NA,NA,NA,NA,NA,NA,NA,NA,NA,"lung",NA,NA,"MOR_CPR"
"Panc 02.13",NA,"Panc 02.13",NA,NA,NA,NA,NA,NA,NA,NA,NA,"pancreas",NA,NA,"Panc_02.13"
"Panc 05.04",NA,"Panc 05.04",NA,NA,NA,NA,"Panc 05.04",NA,NA,NA,NA,"pancreas",NA,NA,"Panc_05.04"
"PE/CA-PJ34 (clone C12)",NA,"PE/CA-PJ34 (clone C12)",NA,NA,NA,NA,NA,NA,NA,NA,NA,"upper_aerodigestive_tract",NA,NA,"PE_CA-PJ34__clone_C12_"
"PE/CA-PJ41 (clone D2)",NA,"PE/CA-PJ41 (clone D2)",NA,NA,NA,NA,NA,NA,NA,NA,NA,"upper_aerodigestive_tract",NA,NA,"PE_CA-PJ41__clone_D2_"
"PE/CA-PJ49",NA,"PE/CA-PJ49",NA,NA,NA,NA,NA,NA,NA,NA,NA,"upper_aerodigestive_tract",NA,NA,"PE_CA-PJ49"
"SK-N-BE(2)",NA,"SK-N-BE(2)",NA,NA,NA,NA,NA,NA,NA,NA,NA,"autonomic_ganglia",NA,NA,"SK-N-BE_2_"
"TE 125.T",NA,"TE 125.T",NA,NA,NA,NA,NA,NA,NA,NA,NA,"soft_tissue",NA,NA,"TE_125.T"
"TE 159.T",NA,"TE 159.T",NA,NA,NA,NA,NA,NA,NA,NA,NA,"soft_tissue",NA,NA,"TE_159.T"
"TE 617.T",NA,"TE 617.T",NA,NA,NA,NA,NA,NA,NA,NA,NA,"soft_tissue",NA,NA,"TE_617.T"
"WM-983B",NA,"WM-983B",NA,NA,NA,NA,NA,NA,NA,NA,NA,"skin",NA,NA,"WM983B"
